sub_id,start,end,n_points,duration,amplitude,mean_speed,max_speed,mean_press,std_press,mean_curvature,beta,ellipse,beta_A,beta_a,beta_b,beta_t0,beta_t1,ell_a,ell_angle_rad,ell_b,ell_ecc,ell_xc,ell_yc,ell_success,beta_success
0,0,8,9,60.0,8.5,0.13076222928000084,0.2795084971874737,255.33333333333334,118.84443613396463,0.0,"{'A': 0.45546074676128684, 't0': 0.49999999999999994, 't1': 60.49999999999999, 'a': 0.3209308677687926, 'b': 0.9963560757992243}","{'xc': 2083.588512327638, 'yc': -14.909752610271717, 'a': nan, 'b': 8116.006576023339, 'angle_rad': 1.5642766824125711, 'ecc': 0.0}",0.45546074676128684,0.3209308677687926,0.9963560757992243,0.49999999999999994,60.49999999999999,,1.5642766824125711,8116.006576023339,0.0,2083.588512327638,-14.909752610271717,True,True
1,9,31,23,166.0,57.92332096065549,0.3512815323264894,0.557366662415206,594.7391304347826,41.23129591518862,0.0,"{'A': 0.809963140150684, 't0': 67.49999999999999, 't1': 233.49999999999997, 'a': 0.8354358759818916, 'b': 0.14941747025175864}","{'xc': 4166.763479231354, 'yc': -55.67458317049318, 'a': nan, 'b': 710.7372584907907, 'angle_rad': 0.6619470200522796, 'ecc': 0.0}",0.809963140150684,0.8354358759818916,0.14941747025175864,67.49999999999999,233.49999999999997,,0.6619470200522796,710.7372584907907,0.0,4166.763479231354,-55.67458317049318,True,True
2,32,43,12,83.0,52.64239947250015,0.6254540381493274,0.7751819331475625,594.6666666666666,17.327504847566033,0.0,"{'A': 0.8298528784753406, 't0': 239.90000000000003, 't1': 323.49999999999994, 'a': 0.15591314223832894, 'b': 0.10000000000000002}","{'xc': 2068.4835930239747, 'yc': -41.428660770711765, 'a': nan, 'b': 3211.5768974768557, 'angle_rad': 1.5500642368587376, 'ecc': 0.0}",0.8298528784753406,0.15591314223832894,0.10000000000000002,239.90000000000003,323.49999999999994,,1.5500642368587376,3211.5768974768557,0.0,2068.4835930239747,-41.428660770711765,True,True
3,44,53,10,68.0,43.678115547465694,0.6535069276053396,0.8095238095237879,604.4,10.458383134011575,0.0,"{'A': 0.8925359033501874, 't0': 329.90000000000003, 't1': 398.49999999999994, 'a': 0.10000000000000002, 'b': 0.1871030484209344}","{'xc': 4056.202814178768, 'yc': -98.01965365292348, 'a': nan, 'b': 4338.461778785659, 'angle_rad': 1.5285757241056463, 'ecc': 0.0}",0.8925359033501874,0.10000000000000002,0.1871030484209344,329.90000000000003,398.49999999999994,,1.5285757241056463,4338.461778785659,0.0,4056.202814178768,-98.01965365292348,True,True
4,54,74,21,151.0,105.33808006182336,0.7222578355342285,1.0224243120754024,667.952380952381,24.622096154625403,0.0,"{'A': 1.0685985941632399, 't0': 404.90000000000003, 't1': 556.4999999999999, 'a': 0.3062952298394215, 'b': 0.10000000000000002}","{'xc': 4001.436020735016, 'yc': -117.74738415069787, 'a': nan, 'b': 1408.1475610880134, 'angle_rad': 0.8703547631216711, 'ecc': 0.0}",1.0685985941632399,0.3062952298394215,0.10000000000000002,404.90000000000003,556.4999999999999,,0.8703547631216711,1408.1475610880134,0.0,4001.436020735016,-117.74738415069787,True,True
5,75,93,19,136.0,118.734063258097,0.8704927297431151,1.0519391444940223,744.8947368421053,12.119290118751023,0.0,"{'A': 1.1131331222505965, 't0': 562.9000000000001, 't1': 699.4999999999999, 'a': 0.1346839131949564, 'b': 0.10000000000000002}","{'xc': 3653.2712529597884, 'yc': 45.09137609759723, 'a': 2281.768719538072, 'b': nan, 'angle_rad': -1.5689993288337274, 'ecc': 0.0}",1.1131331222505965,0.1346839131949564,0.10000000000000002,562.9000000000001,699.4999999999999,2281.768719538072,-1.5689993288337274,,0.0,3653.2712529597884,45.09137609759723,True,True
6,94,105,12,83.0,74.27651041883969,0.9257307353200251,1.1106575037800561,788.6666666666666,23.891167380182132,0.0,"{'A': 1.1808897491992003, 't0': 705.9000000000001, 't1': 789.4999999999999, 'a': 0.10000000000000002, 'b': 0.1281222021429917}","{'xc': 3891.078049601283, 'yc': 91.7571901232565, 'a': 1803.8897420220374, 'b': nan, 'angle_rad': 0.27259293855718725, 'ecc': 0.0}",1.1808897491992003,0.10000000000000002,0.1281222021429917,705.9000000000001,789.4999999999999,1803.8897420220374,0.27259293855718725,,0.0,3891.078049601283,91.7571901232565,True,True
7,106,113,8,53.0,63.08547992825115,1.1669931656200039,1.4158160711731493,832.0,10.1418510567422,0.0,"{'A': 1.4763502933468409, 't0': 795.9000000000001, 't1': 849.4999999999999, 'a': 0.10318158782138412, 'b': 0.10000000000000002}","{'xc': 4077.105024296492, 'yc': 248.21898274114682, 'a': 2415.7930910446444, 'b': nan, 'angle_rad': 0.3385766969588507, 'ecc': 0.0}",1.4763502933468409,0.10318158782138412,0.10000000000000002,795.9000000000001,849.4999999999999,2415.7930910446444,0.3385766969588507,,0.0,4077.105024296492,248.21898274114682,True,True
8,114,122,9,61.0,61.720697050862995,1.0642642362652368,1.4459263286370867,790.1111111111111,6.716480559869962,0.0,"{'A': 1.4246998832961684, 't0': 855.9000000000001, 't1': 917.4999999999999, 'a': 0.10000000000000002, 'b': 0.18009025396383732}","{'xc': 4138.027701316261, 'yc': 222.8500816898136, 'a': 2450.8133528984813, 'b': nan, 'angle_rad': 0.297188596970274, 'ecc': 0.0}",1.4246998832961684,0.10000000000000002,0.18009025396383732,855.9000000000001,917.4999999999999,2450.8133528984813,0.297188596970274,,0.0,4138.027701316261,222.8500816898136,True,True
9,123,130,8,53.0,51.350646431070935,0.9791982152021617,1.0962728031638505,805.75,12.82575533838066,0.0,"{'A': 1.2241305582760826, 't0': 923.9000000000001, 't1': 977.4999999999999, 'a': 0.10000000000000436, 'b': 0.10000000000000002}","{'xc': 4246.747456122612, 'yc': 216.93421506379977, 'a': nan, 'b': 2100.6317974949757, 'angle_rad': -1.1753572850042808, 'ecc': 0.0}",1.2241305582760826,0.10000000000000436,0.10000000000000002,923.9000000000001,977.4999999999999,,-1.1753572850042808,2100.6317974949757,0.0,4246.747456122612,216.93421506379977,True,True
10,131,140,10,68.0,67.50884715683127,1.0241943245341854,1.2706346727739788,790.4,25.769059828492857,0.0,"{'A': 1.4150122753237315, 't0': 983.9000000000001, 't1': 1052.4999999999998, 'a': 0.10000000000000002, 'b': 0.21005757212960055}","{'xc': 2115.0107100916352, 'yc': 64.59784715021009, 'a': nan, 'b': 3145.196982008171, 'angle_rad': -1.5257275377603778, 'ecc': 0.0}",1.4150122753237315,0.10000000000000002,0.21005757212960055,983.9000000000001,1052.4999999999998,,-1.5257275377603778,3145.196982008171,0.0,2115.0107100916352,64.59784715021009,True,True
11,141,151,11,76.0,63.439384892632184,0.8454586329547088,0.9770611680325347,818.8181818181819,29.495145979697003,0.0,"{'A': 1.0558966533955079, 't0': 1058.9000000000003, 't1': 1135.4999999999998, 'a': 0.10000000000000002, 'b': 0.10086735196701448}","{'xc': 2057.455152649033, 'yc': 5.354068940618409, 'a': nan, 'b': 8869.746215265232, 'angle_rad': -1.5292489724576341, 'ecc': 0.0}",1.0558966533955079,0.10000000000000002,0.10086735196701448,1058.9000000000003,1135.4999999999998,,-1.5292489724576341,8869.746215265232,0.0,2057.455152649033,5.354068940618409,True,True
12,152,159,8,53.0,56.238579087471415,1.0473693615538213,1.2571789316613595,900.75,29.80771712157776,0.0,"{'A': 1.3190957073457243, 't0': 1141.9000000000003, 't1': 1195.4999999999998, 'a': 0.10000000000069788, 'b': 0.10000000000000002}","{'xc': 2153.8047545569957, 'yc': -71.50622532410586, 'a': nan, 'b': 13434.852348376538, 'angle_rad': -1.5240372707702046, 'ecc': 0.0}",1.3190957073457243,0.10000000000069788,0.10000000000000002,1141.9000000000003,1195.4999999999998,,-1.5240372707702046,13434.852348376538,0.0,2153.8047545569957,-71.50622532410586,True,True
13,160,167,8,53.0,64.28841264178172,1.2344923986742602,1.355261854357877,1004.75,14.200100603265357,0.0,"{'A': 1.548501374979708, 't0': 1201.9000000000003, 't1': 1255.4999999999998, 'a': 0.10000000000000002, 'b': 0.10000000042662188}","{'xc': 2186.9867336927705, 'yc': -21.51462702479859, 'a': nan, 'b': 757186.34290641, 'angle_rad': -1.5697237128009234, 'ecc': 0.0}",1.548501374979708,0.10000000000000002,0.10000000042662188,1201.9000000000003,1255.4999999999998,,-1.5697237128009234,757186.34290641,0.0,2186.9867336927705,-21.51462702479859,True,True
14,168,175,8,53.0,65.02136401043721,1.2352408038242588,1.336730366439832,1024.5,12.994504332876375,0.0,"{'A': 1.5490188621876053, 't0': 1261.9000000000003, 't1': 1315.4999999999998, 'a': 0.10000000000064448, 'b': 0.10000000000164334}","{'xc': 2056.6948726473074, 'yc': -5.606815643456342, 'a': 342536.60350469174, 'b': nan, 'angle_rad': -0.0029424890237156947, 'ecc': 0.0}",1.5490188621876053,0.10000000000064448,0.10000000000164334,1261.9000000000003,1315.4999999999998,342536.60350469174,-0.0029424890237156947,,0.0,2056.6948726473074,-5.606815643456342,True,True
15,176,188,13,91.0,142.62694150981596,1.567519611792254,1.7561037061510356,959.4615384615385,50.4457057713462,0.0,"{'A': 1.9493686914056134, 't0': 1321.9000000000003, 't1': 1413.4999999999998, 'a': 0.10000000000001794, 'b': 0.1000000000000052}","{'xc': 1578.91061096013, 'yc': 294.2679681862506, 'a': nan, 'b': 8002.35901894968, 'angle_rad': 1.452267318772384, 'ecc': 0.0}",1.9493686914056134,0.10000000000001794,0.1000000000000052,1321.9000000000003,1413.4999999999998,,1.452267318772384,8002.35901894968,0.0,1578.91061096013,294.2679681862506,True,True
16,189,196,8,53.0,65.08541396588862,1.2782309171554196,1.538618516324144,733.75,77.53294230749368,0.0,"{'A': 1.643588383024398, 't0': 1419.9000000000003, 't1': 1473.4999999999998, 'a': 0.10000000000000002, 'b': 0.12888688368377516}",,1.643588383024398,0.10000000000000002,0.12888688368377516,1419.9000000000003,1473.4999999999998,,,,,,,False,True
17,197,208,12,83.0,95.43176736402911,1.179243754211447,1.4005182066526436,545.1666666666666,44.50706447159583,0.0,"{'A': 1.532357095590639, 't0': 1479.9000000000003, 't1': 1563.4999999999998, 'a': 0.10000000000000002, 'b': 0.14273113936056914}","{'xc': 6562.59089338773, 'yc': -799.899726365818, 'a': nan, 'b': 5083.598749837802, 'angle_rad': 1.3315436435610792, 'ecc': 0.0}",1.532357095590639,0.10000000000000002,0.14273113936056914,1479.9000000000003,1563.4999999999998,,1.3315436435610792,5083.598749837802,0.0,6562.59089338773,-799.899726365818,True,True
18,209,217,9,61.0,69.88641578383593,1.144773014877946,1.3265131692555514,419.55555555555554,31.413019240082253,0.0,"{'A': 1.4344061187459194, 't0': 1569.9000000000003, 't1': 1631.4999999999998, 'a': 0.10000000003163759, 'b': 0.10000000000000002}","{'xc': 4153.3431134459315, 'yc': -262.86372550459004, 'a': nan, 'b': 927.7551480782383, 'angle_rad': 0.38056175227859196, 'ecc': 0.0}",1.4344061187459194,0.10000000003163759,0.10000000000000002,1569.9000000000003,1631.4999999999998,,0.38056175227859196,927.7551480782383,0.0,4153.3431134459315,-262.86372550459004,True,True
19,218,225,8,53.0,64.02169771083689,1.2280638072456673,1.3265131692556729,396.75,6.408699444616557,0.0,"{'A': 1.5403295633585634, 't0': 1637.9000000000003, 't1': 1691.4999999999998, 'a': 0.10000000000000002, 'b': 0.10000000000093681}","{'xc': 1917.024916496963, 'yc': -72.21127496658953, 'a': nan, 'b': 1832.0798804101457, 'angle_rad': 1.4799312648192122, 'ecc': 0.0}",1.5403295633585634,0.10000000000000002,0.10000000000093681,1637.9000000000003,1691.4999999999998,,1.4799312648192122,1832.0798804101457,0.0,1917.024916496963,-72.21127496658953,True,True
20,226,235,10,68.0,82.63036837493709,1.2266151808585346,1.34096455622174,395.8,9.44927980794774,0.0,"{'A': 1.5302527378243944, 't0': 1697.9000000000003, 't1': 1766.4999999999998, 'a': 0.10000000002062506, 'b': 0.10000000013213942}","{'xc': -11183.218969896605, 'yc': 1124.5562139243848, 'a': 1028.6713119149765, 'b': nan, 'angle_rad': 1.4733598952190474, 'ecc': 0.0}",1.5302527378243944,0.10000000002062506,0.10000000013213942,1697.9000000000003,1766.4999999999998,1028.6713119149765,1.4733598952190474,,0.0,-11183.218969896605,1124.5562139243848,True,True
21,236,243,8,53.0,67.94769229995123,1.300179618951459,1.4459263286370247,453.0,49.50324664677488,0.0,"{'A': 1.6333480291161497, 't0': 1772.9000000000003, 't1': 1826.4999999999998, 'a': 0.10000000000000002, 'b': 0.10026161896245814}","{'xc': 1932.8305546072388, 'yc': -213.91494543934914, 'a': nan, 'b': 1634.5556507766962, 'angle_rad': 1.4810462889761231, 'ecc': 0.0}",1.6333480291161497,0.10000000000000002,0.10026161896245814,1772.9000000000003,1826.4999999999998,,1.4810462889761231,1634.5556507766962,0.0,1932.8305546072388,-213.91494543934914,True,True
22,244,252,9,60.0,73.89256465376684,1.2252030026750542,1.355261854357877,592.1111111111111,22.56349066769393,0.0,"{'A': 1.5400939591717016, 't0': 1833.9000000000003, 't1': 1894.4999999999998, 'a': 0.10000000000119576, 'b': 0.10000001496268532}","{'xc': 3903.112168241891, 'yc': -350.56470165797845, 'a': nan, 'b': 3139.525250847937, 'angle_rad': 1.300022875277466, 'ecc': 0.0}",1.5400939591717016,0.10000000000119576,0.10000001496268532,1833.9000000000003,1894.4999999999998,,1.300022875277466,3139.525250847937,0.0,3903.112168241891,-350.56470165797845,True,True
23,253,260,8,53.0,68.04002090273376,1.3020855424075855,1.4206127514453433,606.0,10.90216230190795,0.0,"{'A': 1.6342894311987972, 't0': 1900.9000000000003, 't1': 1954.4999999999998, 'a': 0.10000000000057478, 'b': 0.10000000003226774}","{'xc': 3290.011584133327, 'yc': -153.7720679808116, 'a': nan, 'b': 1841.6510213451043, 'angle_rad': 1.3631844560753177, 'ecc': 0.0}",1.6342894311987972,0.10000000000057478,0.10000000003226774,1900.9000000000003,1954.4999999999998,,1.3631844560753177,1841.6510213451043,0.0,3290.011584133327,-153.7720679808116,True,True
24,261,270,10,68.0,83.18386595702046,1.257623161350933,1.4293648590289165,605.2,9.997777530809312,0.0,"{'A': 1.59982419415496, 't0': 1960.9000000000003, 't1': 2029.4999999999998, 'a': 0.10000000000000002, 'b': 0.11970591290324495}","{'xc': 3730.7554582490025, 'yc': -186.55316401406594, 'a': nan, 'b': 1879.5501162036976, 'angle_rad': 1.0454690204289783, 'ecc': 0.0}",1.59982419415496,0.10000000000000002,0.11970591290324495,1960.9000000000003,2029.4999999999998,,1.0454690204289783,1879.5501162036976,0.0,3730.7554582490025,-186.55316401406594,True,True
25,271,283,13,91.0,131.19493553910954,1.4319844692409933,1.777919495485186,661.4615384615385,12.467393369742426,0.0,"{'A': 1.7985778999317408, 't0': 2035.9000000000003, 't1': 2127.4999999999995, 'a': 0.10643830869290072, 'b': 0.10000000000000002}","{'xc': 3740.456748803633, 'yc': -324.88151423813645, 'a': nan, 'b': 2429.0342526808327, 'angle_rad': 0.7445290245832024, 'ecc': 0.0}",1.7985778999317408,0.10643830869290072,0.10000000000000002,2035.9000000000003,2127.4999999999995,,0.7445290245832024,2429.0342526808327,0.0,3740.456748803633,-324.88151423813645,True,True
26,284,291,8,53.0,52.734134001506916,1.0498393131314414,1.3940267779337596,792.0,63.100826347317245,0.0,"{'A': 1.3801972900690116, 't0': 2133.9000000000005, 't1': 2187.4999999999995, 'a': 0.10000000000000002, 'b': 0.15517112655585877}","{'xc': 3726.7936610362067, 'yc': -16.79218585229863, 'a': nan, 'b': 483.23332895116454, 'angle_rad': 0.8018826799289918, 'ecc': 0.0}",1.3801972900690116,0.10000000000000002,0.15517112655585877,2133.9000000000005,2187.4999999999995,,0.8018826799289918,483.23332895116454,0.0,3726.7936610362067,-16.79218585229863,True,True
27,292,299,8,53.0,55.55077757231561,1.0428019254230605,1.1761037176408062,870.0,13.938641048743392,0.0,"{'A': 1.313159763921252, 't0': 2193.9000000000005, 't1': 2247.4999999999995, 'a': 0.10000000000033518, 'b': 0.10000000000000002}","{'xc': 3734.924864620117, 'yc': 77.82299221803318, 'a': 1143.7373230507706, 'b': nan, 'angle_rad': 0.7094363649686659, 'ecc': 0.0}",1.313159763921252,0.10000000000033518,0.10000000000000002,2193.9000000000005,2247.4999999999995,1143.7373230507706,0.7094363649686659,,0.0,3734.924864620117,77.82299221803318,True,True
28,300,308,9,61.0,80.21152591048798,1.3129127009406563,1.5598418432532604,861.4444444444445,4.772607021092118,0.0,"{'A': 1.6387215449966956, 't0': 2253.9000000000005, 't1': 2315.4999999999995, 'a': 0.10000000000043086, 'b': 0.10000000000000002}","{'xc': 3754.9275552893905, 'yc': 196.27461159481715, 'a': 1940.504892627951, 'b': nan, 'angle_rad': 0.780723806191756, 'ecc': 0.0}",1.6387215449966956,0.10000000000043086,0.10000000000000002,2253.9000000000005,2315.4999999999995,1940.504892627951,0.780723806191756,,0.0,3754.9275552893905,196.27461159481715,True,True
29,309,322,14,98.0,200.05554784164872,2.0286093985055555,2.4285714285714284,856.5714285714286,5.5012486095191395,0.0,"{'A': 2.5244886672628173, 't0': 2321.9000000000005, 't1': 2420.4999999999995, 'a': 0.10000000918309226, 'b': 0.10000000000000002}","{'xc': 3813.3491712250957, 'yc': 427.9181847547755, 'a': 5853.309922834715, 'b': nan, 'angle_rad': 0.9098671175978977, 'ecc': 0.0}",2.5244886672628173,0.10000000918309226,0.10000000000000002,2321.9000000000005,2420.4999999999995,5853.309922834715,0.9098671175978977,,0.0,3813.3491712250957,427.9181847547755,True,True
30,323,330,8,53.0,108.5382677010995,2.0814258345036905,2.2461859838230103,803.0,26.960288256195312,0.0,"{'A': 2.6074696789443568, 't0': 2426.9000000000005, 't1': 2480.4999999999995, 'a': 0.10000000000000026, 'b': 0.10000000000000858}","{'xc': 3812.620336454019, 'yc': 571.6512575433279, 'a': 2147.0621161330414, 'b': nan, 'angle_rad': 0.7920465560303533, 'ecc': 0.0}",2.6074696789443568,0.10000000000000026,0.10000000000000858,2426.9000000000005,2480.4999999999995,2147.0621161330414,0.7920465560303533,,0.0,3812.620336454019,571.6512575433279,True,True
31,331,343,13,91.0,185.0264245392473,2.0640482284901847,2.3035022137995855,681.0,64.33246976967904,0.0,"{'A': 2.559849400641943, 't0': 2486.9000000000005, 't1': 2578.4999999999995, 'a': 0.10000000000000002, 'b': 0.10170643611588043}","{'xc': 3863.465676359288, 'yc': 447.8678952213908, 'a': 3909.9722383249064, 'b': nan, 'angle_rad': 0.26849531062199294, 'ecc': 0.0}",2.559849400641943,0.10000000000000002,0.10170643611588043,2486.9000000000005,2578.4999999999995,3909.9722383249064,0.26849531062199294,,0.0,3863.465676359288,447.8678952213908,True,True
32,344,357,14,98.0,197.37752883469062,2.030772768405856,2.3172428686850353,580.5714285714286,44.2870258579266,0.0,"{'A': 2.519268478081415, 't0': 2584.9000000000005, 't1': 2683.4999999999995, 'a': 0.10000000000013018, 'b': 0.1000000004464634}",,2.519268478081415,0.10000000000013018,0.1000000004464634,2584.9000000000005,2683.4999999999995,,,,,,,False,True
33,358,365,8,53.0,87.00255424092154,1.6969591905730406,1.9053570498802002,533.0,31.645356237978607,0.0,"{'A': 2.1220624712718004, 't0': 2689.9000000000005, 't1': 2743.4999999999995, 'a': 0.10000000000001846, 'b': 0.10000003568062102}","{'xc': -3211.2771021834396, 'yc': -952.2215002944156, 'a': 1553.3296347253706, 'b': nan, 'angle_rad': -1.3777547757874309, 'ecc': 0.0}",2.1220624712718004,0.10000000000001846,0.10000003568062102,2689.9000000000005,2743.4999999999995,1553.3296347253706,-1.3777547757874309,,0.0,-3211.2771021834396,-952.2215002944156,True,True
34,366,374,9,61.0,91.54780172128658,1.5308889338413183,1.7169291787923728,722.3333333333334,58.44655678480983,0.0,"{'A': 1.9063457323225093, 't0': 2749.9000000000005, 't1': 2811.4999999999995, 'a': 0.10000000000007545, 'b': 0.100000040882815}","{'xc': 1913.0438765863653, 'yc': -290.8734124425493, 'a': nan, 'b': 6484.717556963745, 'angle_rad': -1.4215591772200344, 'ecc': 0.0}",1.9063457323225093,0.10000000000007545,0.100000040882815,2749.9000000000005,2811.4999999999995,,-1.4215591772200344,6484.717556963745,0.0,1913.0438765863653,-290.8734124425493,True,True
35,375,382,8,53.0,86.17359740018384,1.6340384740157332,1.8182745801939795,725.75,27.128003454522254,0.0,"{'A': 2.0529347566009326, 't0': 2817.9000000000005, 't1': 2871.4999999999995, 'a': 0.1000000000000038, 'b': 0.10000000000000003}","{'xc': 2192.577922245216, 'yc': 16.572048623336343, 'a': nan, 'b': 6930.261833116013, 'angle_rad': -1.472934826291519, 'ecc': 0.0}",2.0529347566009326,0.1000000000000038,0.10000000000000003,2817.9000000000005,2871.4999999999995,,-1.472934826291519,6930.261833116013,0.0,2192.577922245216,16.572048623336343,True,True
36,383,390,8,53.0,72.85068443207791,1.4289587886946569,1.756103706151024,735.0,15.269016246728443,0.0,"{'A': 1.8175795689658492, 't0': 2877.9000000000005, 't1': 2931.4999999999995, 'a': 0.10000000000000002, 'b': 0.11980796275760648}","{'xc': 2168.0047014780275, 'yc': -51.121969931421994, 'a': nan, 'b': 6985.5180296774115, 'angle_rad': -1.4568883021682932, 'ecc': 0.0}",1.8175795689658492,0.10000000000000002,0.11980796275760648,2877.9000000000005,2931.4999999999995,,-1.4568883021682932,6985.5180296774115,0.0,2168.0047014780275,-51.121969931421994,True,True
37,391,401,11,76.0,107.94340080698669,1.4254210294337468,1.6659862556700857,722.0909090909091,18.29455954897272,0.0,"{'A': 1.7706626095935234, 't0': 2937.9000000000005, 't1': 3014.4999999999995, 'a': 0.10000000000959293, 'b': 0.1000000000000004}","{'xc': 2235.8324671711457, 'yc': -414.80661015265775, 'a': nan, 'b': 13447.363164354023, 'angle_rad': -1.4417552276738996, 'ecc': 0.0}",1.7706626095935234,0.10000000000959293,0.1000000000000004,2937.9000000000005,3014.4999999999995,,-1.4417552276738996,13447.363164354023,0.0,2235.8324671711457,-414.80661015265775,True,True
38,402,409,8,53.0,84.69881279503807,1.6099101411155283,1.7925266880684234,670.25,19.24095334733406,0.0,"{'A': 2.0180429587595956, 't0': 3020.9000000000005, 't1': 3074.4999999999995, 'a': 0.10000000000269235, 'b': 0.10000000000000002}","{'xc': 1728.679744495185, 'yc': -282.6862598698761, 'a': nan, 'b': 3423.107008735839, 'angle_rad': -1.427250546584481, 'ecc': 0.0}",2.0180429587595956,0.10000000000269235,0.10000000000000002,3020.9000000000005,3074.4999999999995,,-1.427250546584481,3423.107008735839,0.0,1728.679744495185,-282.6862598698761,True,True
39,410,417,8,53.0,109.23827168167757,2.0578045885035996,2.3347906042154962,664.25,23.99851185862514,0.0,"{'A': 2.5937707539647206, 't0': 3080.9000000000005, 't1': 3134.4999999999995, 'a': 0.10000000000000082, 'b': 0.10000000000000003}","{'xc': -3203.044872128908, 'yc': -329.0940477431195, 'a': nan, 'b': 118764.96944362659, 'angle_rad': -1.5513946476921896, 'ecc': 0.0}",2.5937707539647206,0.10000000000000082,0.10000000000000003,3080.9000000000005,3134.4999999999995,,-1.5513946476921896,118764.96944362659,0.0,-3203.044872128908,-329.0940477431195,True,True
40,418,427,10,68.0,131.30879635424276,1.970578689018934,2.290174220268771,657.2,13.6772316887105,0.0,"{'A': 2.5814480503477504, 't0': 3140.9000000000005, 't1': 3209.4999999999995, 'a': 0.10000000000000002, 'b': 0.1480421446812299}","{'xc': 4731.6232940528735, 'yc': -39.37069423959862, 'a': 534.6775939317208, 'b': nan, 'angle_rad': -0.7657875734837026, 'ecc': 0.0}",2.5814480503477504,0.10000000000000002,0.1480421446812299,3140.9000000000005,3209.4999999999995,534.6775939317208,-0.7657875734837026,,0.0,4731.6232940528735,-39.37069423959862,True,True
41,428,436,9,61.0,95.524865872714,1.5927755592659534,1.7779194954851734,653.0,8.888194417315589,0.0,"{'A': 1.9921151533399812, 't0': 3215.9000000000005, 't1': 3277.4999999999995, 'a': 0.10000000000000002, 'b': 0.1004860510107673}","{'xc': 8077.9160483766445, 'yc': -2353.927431774714, 'a': nan, 'b': 5291.409275438644, 'angle_rad': 1.030352042284593, 'ecc': 0.0}",1.9921151533399812,0.10000000000000002,0.1004860510107673,3215.9000000000005,3277.4999999999995,,1.030352042284593,5291.409275438644,0.0,8077.9160483766445,-2353.927431774714,True,True
42,437,444,8,53.0,81.93832368854584,1.5553380636094394,1.7333594974477184,637.5,11.600492600378166,0.0,"{'A': 1.9517150378965926, 't0': 3283.9000000000005, 't1': 3337.4999999999995, 'a': 0.10000000000007735, 'b': 0.10000000000000002}","{'xc': 2356.990859064605, 'yc': -62.38412761107998, 'a': nan, 'b': 21186.45951867679, 'angle_rad': 1.5368416539730492, 'ecc': 0.0}",1.9517150378965926,0.10000000000007735,0.10000000000000002,3283.9000000000005,3337.4999999999995,,1.5368416539730492,21186.45951867679,0.0,2356.990859064605,-62.38412761107998,True,True
43,445,456,12,83.0,150.1469650412925,1.824385981723111,2.1909937276813674,472.0,52.97683885006215,0.0,"{'A': 2.393003954066325, 't0': 3343.9000000000005, 't1': 3427.4999999999995, 'a': 0.10000000000000002, 'b': 0.15014379866403962}","{'xc': 4613.98824158237, 'yc': -623.3679097892385, 'a': nan, 'b': 2849.0969213792237, 'angle_rad': -1.0153180973970828, 'ecc': 0.0}",2.393003954066325,0.10000000000000002,0.15014379866403962,3343.9000000000005,3427.4999999999995,,-1.0153180973970828,2849.0969213792237,0.0,4613.98824158237,-623.3679097892385,True,True
44,457,471,15,106.0,164.21023110634732,1.5569069807553146,1.878388849839697,301.06666666666666,81.98559687675693,0.0,"{'A': 1.9238409031615757, 't0': 3433.9000000000005, 't1': 3540.4999999999995, 'a': 0.10000000048601049, 'b': 0.10000000000000127}","{'xc': 2072.9045108364444, 'yc': 130.37353197626865, 'a': nan, 'b': 7676.3755274435725, 'angle_rad': 1.4721837838358112, 'ecc': 0.0}",1.9238409031615757,0.10000000048601049,0.10000000000000127,3433.9000000000005,3540.4999999999995,,1.4721837838358112,7676.3755274435725,0.0,2072.9045108364444,130.37353197626865,True,True
45,472,479,8,53.0,96.17807557973995,1.813690252170273,2.1151649823345875,88.0,30.00952229828773,0.0,"{'A': 2.2715314334510204, 't0': 3546.9000000000005, 't1': 3600.4999999999995, 'a': 0.10000000000000857, 'b': 0.10000000000000002}","{'xc': 4350.342399661173, 'yc': -636.1728118669226, 'a': 758.5111692597893, 'b': nan, 'angle_rad': -1.150468348687578, 'ecc': 0.0}",2.2715314334510204,0.10000000000000857,0.10000000000000002,3546.9000000000005,3600.4999999999995,758.5111692597893,-1.150468348687578,,0.0,4350.342399661173,-636.1728118669226,True,True
46,480,487,8,53.0,84.87179874506124,1.6867389489577278,2.1971946657256587,231.5,76.23834805585517,0.0,"{'A': 2.3141345065400514, 't0': 3606.9000000000005, 't1': 3660.4999999999995, 'a': 0.10000000000000002, 'b': 0.19689158069282522}","{'xc': 1733.7173829917688, 'yc': -94.80687292204198, 'a': 384.0185921556194, 'b': nan, 'angle_rad': 1.4067029069164518, 'ecc': 0.0}",2.3141345065400514,0.10000000000000002,0.19689158069282522,3606.9000000000005,3660.4999999999995,384.0185921556194,1.4067029069164518,,0.0,1733.7173829917688,-94.80687292204198,True,True
47,488,500,13,91.0,168.0042988867978,1.8304968279780836,2.198742167736185,403.84615384615387,30.11601499160138,0.0,"{'A': 2.2995622813178493, 't0': 3666.9000000000005, 't1': 3758.4999999999995, 'a': 0.10710517485093149, 'b': 0.10000000000000002}","{'xc': 4155.968334261126, 'yc': -581.1939958409413, 'a': nan, 'b': 465.31627469297416, 'angle_rad': 0.04364883876990489, 'ecc': 0.0}",2.2995622813178493,0.10710517485093149,0.10000000000000002,3666.9000000000005,3758.4999999999995,,0.04364883876990489,465.31627469297416,0.0,4155.968334261126,-581.1939958409413,True,True
48,501,508,8,53.0,109.37448412576725,2.0628432189254555,2.333333333333355,576.25,35.033657286345985,0.0,"{'A': 2.597632225396937, 't0': 3764.9000000000005, 't1': 3818.4999999999995, 'a': 0.10000000042281548, 'b': 0.10000000000000016}","{'xc': 1895.600289075063, 'yc': -273.2075731717732, 'a': 154.5283859338239, 'b': nan, 'angle_rad': 1.4182741494766913, 'ecc': 0.0}",2.597632225396937,0.10000000042281548,0.10000000000000016,3764.9000000000005,3818.4999999999995,154.5283859338239,1.4182741494766913,,0.0,1895.600289075063,-273.2075731717732,True,True
49,509,516,8,53.0,100.32890355669656,1.9433675281730398,2.168628102235372,610.0,7.171371656006362,0.0,"{'A': 2.4625311957078746, 't0': 3824.9000000000005, 't1': 3878.4999999999995, 'a': 0.10000000000000002, 'b': 0.1096585688247773}",,2.4625311957078746,0.10000000000000002,0.1096585688247773,3824.9000000000005,3878.4999999999995,,,,,,,False,True
50,517,525,9,61.0,121.05875524811145,1.9942875522107524,2.262280670518076,626.1111111111111,11.962905629950908,0.0,"{'A': 2.5037511170465527, 't0': 3884.9000000000005, 't1': 3946.4999999999995, 'a': 0.10000000000000002, 'b': 0.10000000739438666}","{'xc': 3742.190603216345, 'yc': -537.9856898592019, 'a': 4236.214200389104, 'b': nan, 'angle_rad': -0.4761245575818522, 'ecc': 0.0}",2.5037511170465527,0.10000000000000002,0.10000000739438666,3884.9000000000005,3946.4999999999995,4236.214200389104,-0.4761245575818522,,0.0,3742.190603216345,-537.9856898592019,True,True
51,526,533,8,53.0,85.07513019547956,1.6526235936020577,1.9029753526369788,654.25,9.130013299943371,0.0,"{'A': 2.077050260359869, 't0': 3952.9000000000005, 't1': 4006.4999999999995, 'a': 0.10000000000000002, 'b': 0.1052306106299107}","{'xc': 3664.8249853281413, 'yc': -522.0949950985145, 'a': nan, 'b': 2849.786293651988, 'angle_rad': 1.1264057337134117, 'ecc': 0.0}",2.077050260359869,0.10000000000000002,0.1052306106299107,3952.9000000000005,4006.4999999999995,,1.1264057337134117,2849.786293651988,0.0,3664.8249853281413,-522.0949950985145,True,True
52,534,541,8,53.0,88.39620404117404,1.6829614094042478,1.8522524132168467,669.5,3.6645015252516173,0.0,"{'A': 2.116082511358187, 't0': 4012.9000000000005, 't1': 4066.4999999999995, 'a': 0.10000000000000563, 'b': 0.10000000311236952}","{'xc': 3583.831940818639, 'yc': -550.3812833488338, 'a': nan, 'b': 2383.340749325395, 'angle_rad': 0.9710655382149205, 'ecc': 0.0}",2.116082511358187,0.10000000000000563,0.10000000311236952,4012.9000000000005,4066.4999999999995,,0.9710655382149205,2383.340749325395,0.0,3583.831940818639,-550.3812833488338,True,True
53,542,551,10,68.0,107.08771067577156,1.599979817440732,1.7925266880684507,680.2,12.299954832798733,0.0,"{'A': 2.007529400115492, 't0': 4072.9000000000005, 't1': 4141.499999999999, 'a': 0.10000000000000002, 'b': 0.10736380096757432}","{'xc': 3511.6147648595907, 'yc': 2069.222728869368, 'a': nan, 'b': 8787.516639520034, 'angle_rad': 0.8533801716545898, 'ecc': 0.0}",2.007529400115492,0.10000000000000002,0.10736380096757432,4072.9000000000005,4141.499999999999,,0.8533801716545898,8787.516639520034,0.0,3511.6147648595907,2069.222728869368,True,True
54,552,566,15,106.0,165.6720321062739,1.5733664456402918,1.783013831128479,726.7333333333333,16.280868117722303,0.0,"{'A': 1.9440639910246122, 't0': 4147.900000000001, 't1': 4254.499999999999, 'a': 0.10000001074460205, 'b': 0.10000000000812391}","{'xc': 3429.64959335258, 'yc': -336.3330238994868, 'a': 4321.414605672301, 'b': nan, 'angle_rad': -0.7922876011960646, 'ecc': 0.0}",1.9440639910246122,0.10000001074460205,0.10000000000812391,4147.900000000001,4254.499999999999,4321.414605672301,-0.7922876011960646,,0.0,3429.64959335258,-336.3330238994868,True,True
55,567,574,8,53.0,92.49444427760095,1.7525193955853768,2.045403009039479,748.0,7.708992893275452,0.0,"{'A': 2.201197716521753, 't0': 4260.900000000001, 't1': 4314.499999999999, 'a': 0.1000000013661957, 'b': 0.10000000000000003}","{'xc': 3363.5701718612336, 'yc': -129.4210221240575, 'a': 1327.7314988169958, 'b': nan, 'angle_rad': -0.6982794412741885, 'ecc': 0.0}",2.201197716521753,0.1000000013661957,0.10000000000000003,4260.900000000001,4314.499999999999,1327.7314988169958,-0.6982794412741885,,0.0,3363.5701718612336,-129.4210221240575,True,True
56,575,589,15,106.0,212.6731973918878,2.0227124064883357,2.3035022137995855,753.9333333333333,8.344944292090585,0.0,"{'A': 2.494442206220177, 't0': 4320.900000000001, 't1': 4427.499999999999, 'a': 0.1000000000268492, 'b': 0.1000000000048067}","{'xc': 3355.630836510084, 'yc': 90.63348066417748, 'a': 5380.96316567117, 'b': nan, 'angle_rad': 1.2902282244159031, 'ecc': 0.0}",2.494442206220177,0.1000000000268492,0.1000000000048067,4320.900000000001,4427.499999999999,5380.96316567117,1.2902282244159031,,0.0,3355.630836510084,90.63348066417748,True,True
57,590,603,14,98.0,205.690436227734,2.1292400801949127,2.518412918509966,759.7142857142857,9.498409352085233,0.0,"{'A': 2.6393329704470787, 't0': 4433.900000000001, 't1': 4532.499999999999, 'a': 0.10000000000000002, 'b': 0.10000000928531741}","{'xc': 3398.887062388759, 'yc': 295.492554815351, 'a': 2160.88385826552, 'b': nan, 'angle_rad': 0.7025576475485373, 'ecc': 0.0}",2.6393329704470787,0.10000000000000002,0.10000000928531741,4433.900000000001,4532.499999999999,2160.88385826552,0.7025576475485373,,0.0,3398.887062388759,295.492554815351,True,True
58,604,611,8,53.0,106.23924782196903,2.034746487505099,2.2637836807627973,762.25,5.548487567410986,0.0,"{'A': 2.5532654098514875, 't0': 4538.900000000001, 't1': 4592.499999999999, 'a': 0.10000000000000002, 'b': 0.10000000103342267}","{'xc': 3448.0319225046046, 'yc': 602.0275068634894, 'a': 2677.44245889559, 'b': nan, 'angle_rad': 0.8010442555226007, 'ecc': 0.0}",2.5532654098514875,0.10000000000000002,0.10000000103342267,4538.900000000001,4592.499999999999,2677.44245889559,0.8010442555226007,,0.0,3448.0319225046046,602.0275068634894,True,True
59,612,622,11,76.0,175.608149646371,2.305167624672836,2.7272040120526286,776.6363636363636,9.200790479874295,0.0,"{'A': 2.876022247851053, 't0': 4598.900000000001, 't1': 4675.499999999999, 'a': 0.10000012480097305, 'b': 0.10000000000000002}","{'xc': 3525.540484471647, 'yc': 699.3383794487844, 'a': 5390.72238724569, 'b': nan, 'angle_rad': 0.9482544313880191, 'ecc': 0.0}",2.876022247851053,0.10000012480097305,0.10000000000000002,4598.900000000001,4675.499999999999,5390.72238724569,0.9482544313880191,,0.0,3525.540484471647,699.3383794487844,True,True
60,623,634,12,83.0,206.34652623412111,2.519604635896538,2.7470866860677985,756.6666666666666,24.10331298742347,0.0,"{'A': 3.1259153966900035, 't0': 4681.900000000001, 't1': 4765.499999999999, 'a': 0.10000000000225098, 'b': 0.10000000025848382}","{'xc': 2883.5247257766355, 'yc': 426.22644592527075, 'a': 4292.492529263883, 'b': nan, 'angle_rad': 0.33581156598483275, 'ecc': 0.0}",3.1259153966900035,0.10000000000225098,0.10000000025848382,4681.900000000001,4765.499999999999,4292.492529263883,0.33581156598483275,,0.0,2883.5247257766355,426.22644592527075,True,True
61,635,642,8,53.0,131.4373530537563,2.50523479655354,2.710523708715754,707.5,9.486832980505138,0.0,"{'A': 3.1394503329870354, 't0': 4771.900000000001, 't1': 4825.499999999999, 'a': 0.10000000001217771, 'b': 0.10000000003094242}","{'xc': 3016.2617887610536, 'yc': 622.8459025011149, 'a': nan, 'b': 3684.002353102663, 'angle_rad': -1.3276314774430256, 'ecc': 0.0}",3.1394503329870354,0.10000000001217771,0.10000000003094242,4771.900000000001,4825.499999999999,,-1.3276314774430256,3684.002353102663,0.0,3016.2617887610536,622.8459025011149,True,True
62,643,651,9,61.0,160.17941329785313,2.6528025357496228,2.9047619047619038,704.3333333333334,10.488088481701515,0.0,"{'A': 3.3167166955745913, 't0': 4831.900000000001, 't1': 4893.499999999999, 'a': 0.10000000000000513, 'b': 0.10000000009586094}","{'xc': 4095.6657544137524, 'yc': 908.384811998468, 'a': 4269.29207148908, 'b': nan, 'angle_rad': 0.38485025718714816, 'ecc': 0.0}",3.3167166955745913,0.10000000000000513,0.10000000009586094,4831.900000000001,4893.499999999999,4269.29207148908,0.38485025718714816,,0.0,4095.6657544137524,908.384811998468,True,True
63,652,659,8,53.0,123.00180667146498,2.385136808421531,2.7635463101994326,713.25,14.868470956067695,0.0,"{'A': 3.0127736420270987, 't0': 4899.900000000001, 't1': 4953.499999999999, 'a': 0.10000000000000002, 'b': 0.10962716041010691}","{'xc': 1939.1482412983305, 'yc': 251.72651423416107, 'a': 472.7748981015438, 'b': nan, 'angle_rad': -1.3583775592382694, 'ecc': 0.0}",3.0127736420270987,0.10000000000000002,0.10962716041010691,4899.900000000001,4953.499999999999,472.7748981015438,-1.3583775592382694,,0.0,1939.1482412983305,251.72651423416107,True,True
64,660,669,10,68.0,152.0325257597501,2.2571859712382816,2.5053231310410813,743.6,7.947046970765653,0.0,"{'A': 2.810744090509802, 't0': 4959.900000000001, 't1': 5028.499999999999, 'a': 0.10000000000000296, 'b': 0.10000000000000475}","{'xc': 2198.1561527120657, 'yc': 286.77853731640204, 'a': nan, 'b': 789.3567218525279, 'angle_rad': -1.3788075220238125, 'ecc': 0.0}",2.810744090509802,0.10000000000000296,0.10000000000000475,4959.900000000001,5028.499999999999,,-1.3788075220238125,789.3567218525279,0.0,2198.1561527120657,286.77853731640204,True,True
65,670,677,8,53.0,108.8184012216891,2.1043674572204125,2.3914056246646687,772.75,29.692471388263677,0.0,"{'A': 2.646938108057498, 't0': 5034.900000000001, 't1': 5088.499999999999, 'a': 0.10000000000000002, 'b': 0.10449453859145133}","{'xc': 4436.720436932207, 'yc': 679.9915691696119, 'a': 1115.31776474351, 'b': nan, 'angle_rad': 1.3603824803728461, 'ecc': 0.0}",2.646938108057498,0.10000000000000002,0.10449453859145133,5034.900000000001,5088.499999999999,1115.31776474351,1.3603824803728461,,0.0,4436.720436932207,679.9915691696119,True,True
66,678,686,9,61.0,106.77546534667971,1.7832757192055848,1.9633836312464603,856.5555555555555,43.39098728742846,0.0,"{'A': 2.2220032936195606, 't0': 5094.900000000001, 't1': 5156.499999999999, 'a': 0.10000000000011439, 'b': 0.10000001797722584}","{'xc': 1755.6424469500369, 'yc': 146.46941569787253, 'a': 385.5161469669545, 'b': nan, 'angle_rad': -1.3807209251259513, 'ecc': 0.0}",2.2220032936195606,0.10000000000011439,0.10000001797722584,5094.900000000001,5156.499999999999,385.5161469669545,-1.3807209251259513,,0.0,1755.6424469500369,146.46941569787253,True,True
67,687,694,8,53.0,78.51185331598708,1.5461732337272964,1.8325601337994568,973.5,15.775206586829311,0.0,"{'A': 1.999007178221414, 't0': 5162.900000000001, 't1': 5216.499999999999, 'a': 0.10000000000000002, 'b': 0.13267570549159347}","{'xc': 2318.958234696698, 'yc': 349.2680831938502, 'a': nan, 'b': 1909.5998030352205, 'angle_rad': -1.4137830269765188, 'ecc': 0.0}",1.999007178221414,0.10000000000000002,0.13267570549159347,5162.900000000001,5216.499999999999,,-1.4137830269765188,1909.5998030352205,0.0,2318.958234696698,349.2680831938502,True,True
68,695,704,10,68.0,99.57967217816625,1.4811514432837738,1.7036708399998302,1113.0,74.86877408728778,0.0,"{'A': 1.854019885520772, 't0': 5222.900000000001, 't1': 5291.499999999999, 'a': 0.10000000000000002, 'b': 0.10171071714773305}","{'xc': 1655.7669132645542, 'yc': 82.48989960201312, 'a': nan, 'b': 4289.74754802269, 'angle_rad': -1.412397822311768, 'ecc': 0.0}",1.854019885520772,0.10000000000000002,0.10171071714773305,5222.900000000001,5291.499999999999,,-1.412397822311768,4289.74754802269,0.0,1655.7669132645542,82.48989960201312,True,True
69,705,719,15,106.0,178.83077040723288,1.6781820993283885,2.0342866060279863,1184.6,24.014281465113925,0.0,"{'A': 2.097852502127952, 't0': 5297.900000000001, 't1': 5404.499999999999, 'a': 0.10797885464198984, 'b': 0.10000000000000002}","{'xc': 4752.417853509485, 'yc': 840.8166492197015, 'a': nan, 'b': 4573.54281896864, 'angle_rad': 0.7861339356638769, 'ecc': 0.0}",2.097852502127952,0.10797885464198984,0.10000000000000002,5297.900000000001,5404.499999999999,,0.7861339356638769,4573.54281896864,0.0,4752.417853509485,840.8166492197015,True,True
70,720,727,8,53.0,96.21561434842289,1.8325282107027054,1.9668453741012824,1150.5,27.892651361962706,0.0,"{'A': 2.2979532380928682, 't0': 5410.900000000001, 't1': 5464.499999999999, 'a': 0.1000000000003443, 'b': 0.10000000000134072}",,2.2979532380928682,0.1000000000003443,0.10000000000134072,5410.900000000001,5464.499999999999,,,,,,,False,True
71,728,739,12,83.0,161.70789852213295,1.971189086425885,2.2401206640645825,1132.5,17.459042981165428,0.0,"{'A': 2.443083331781941, 't0': 5470.900000000001, 't1': 5554.499999999999, 'a': 0.10000000000000002, 'b': 0.10000007924313688}","{'xc': 4725.94736408876, 'yc': 479.86612104997863, 'a': 1949.8086581900652, 'b': nan, 'angle_rad': 0.9327534636714129, 'ecc': 0.0}",2.443083331781941,0.10000000000000002,0.10000007924313688,5470.900000000001,5554.499999999999,1949.8086581900652,0.9327534636714129,,0.0,4725.94736408876,479.86612104997863,True,True
72,740,748,9,61.0,131.24023773218335,2.1463194391328546,2.451340509758821,1057.2222222222222,18.746851587518485,0.0,"{'A': 2.693491261449207, 't0': 5560.900000000001, 't1': 5622.499999999999, 'a': 0.10000000000648317, 'b': 0.10000000000000095}","{'xc': 4812.907773265635, 'yc': 11090.850352309615, 'a': nan, 'b': 12703.704276121125, 'angle_rad': 0.681725423143651, 'ecc': 0.0}",2.693491261449207,0.10000000000648317,0.10000000000000095,5560.900000000001,5622.499999999999,,0.681725423143651,12703.704276121125,0.0,4812.907773265635,11090.850352309615,True,True
73,749,758,10,68.0,156.69538743831754,2.3143913229327717,2.6666666666666665,1029.0,13.9204086785474,0.0,"{'A': 2.895233384783046, 't0': 5628.900000000001, 't1': 5697.499999999999, 'a': 0.10000000000001229, 'b': 0.10000004534628154}","{'xc': 4825.704532474001, 'yc': -104.47851213010763, 'a': nan, 'b': 1320.8227717928933, 'angle_rad': 0.775595112661238, 'ecc': 0.0}",2.895233384783046,0.10000000000001229,0.10000004534628154,5628.900000000001,5697.499999999999,,0.775595112661238,1320.8227717928933,0.0,4825.704532474001,-104.47851213010763,True,True
74,759,768,10,68.0,156.57337647959892,2.3167183800108164,2.6734607328796525,995.6,18.57238092796218,0.0,"{'A': 2.8982386087230574, 't0': 5703.900000000001, 't1': 5772.499999999999, 'a': 0.10000000000007055, 'b': 0.10000000968191292}","{'xc': 4835.634804405439, 'yc': -242.13229007498146, 'a': 1293.8739317434317, 'b': nan, 'angle_rad': -0.7724423522313839, 'ecc': 0.0}",2.8982386087230574,0.10000000000007055,0.10000000968191292,5703.900000000001,5772.499999999999,1293.8739317434317,-0.7724423522313839,,0.0,4835.634804405439,-242.13229007498146,True,True
75,769,777,9,61.0,124.8256561947281,2.0763475157688562,2.345449591623772,967.6666666666666,16.24807680927192,0.0,"{'A': 2.618291459928003, 't0': 5778.900000000001, 't1': 5840.499999999999, 'a': 0.10000000000000002, 'b': 0.10779770073924365}","{'xc': 4830.860346087153, 'yc': -421.4025878988395, 'a': 685.1846771715186, 'b': nan, 'angle_rad': -0.8390809357949347, 'ecc': 0.0}",2.618291459928003,0.10000000000000002,0.10779770073924365,5778.900000000001,5840.499999999999,685.1846771715186,-0.8390809357949347,,0.0,4830.860346087153,-421.4025878988395,True,True
76,778,787,10,68.0,110.5642095998722,1.6770013738945586,2.0630646688032575,1003.0,20.154955277107966,0.0,"{'A': 2.4163525234040324, 't0': 5846.900000000001, 't1': 5915.499999999999, 'a': 0.10000000000000002, 'b': 0.25255058923428014}","{'xc': 1288.5256883934928, 'yc': -6.65295163134131, 'a': nan, 'b': 6306.176161747955, 'angle_rad': 1.4626187106092605, 'ecc': 0.0}",2.4163525234040324,0.10000000000000002,0.25255058923428014,5846.900000000001,5915.499999999999,,1.4626187106092605,6306.176161747955,0.0,1288.5256883934928,-6.65295163134131,True,True
77,788,795,8,53.0,70.16963572498993,1.3288352953861593,1.5503638662951809,965.75,11.510864433221338,0.0,"{'A': 1.6678628094317163, 't0': 5921.900000000001, 't1': 5975.499999999999, 'a': 0.10000000006663586, 'b': 0.10000000000000002}",,1.6678628094317163,0.10000000006663586,0.10000000000000002,5921.900000000001,5975.499999999999,,,,,,,False,True
78,796,803,8,53.0,99.53503012619358,1.8564065670146725,2.1717627144745517,942.5,16.92842073471204,0.0,"{'A': 2.34417143784822, 't0': 5981.900000000001, 't1': 6035.499999999999, 'a': 0.10000000158761088, 'b': 0.10000000000000002}","{'xc': 2160.696720447444, 'yc': 71.75364958926622, 'a': nan, 'b': 3145.6086518183297, 'angle_rad': 1.3751212819896084, 'ecc': 0.0}",2.34417143784822,0.10000000158761088,0.10000000000000002,5981.900000000001,6035.499999999999,,1.3751212819896084,3145.6086518183297,0.0,2160.696720447444,71.75364958926622,True,True
79,804,814,11,76.0,140.8742544099369,1.88557243709352,2.1263917677872155,923.5454545454545,15.64840973622327,0.0,"{'A': 2.3501036017486348, 't0': 6041.900000000001, 't1': 6118.499999999999, 'a': 0.10000000000000002, 'b': 0.10450035867443018}","{'xc': 1813.2502748004283, 'yc': 196.06000269916507, 'a': nan, 'b': 3796.185829630224, 'angle_rad': 1.4027372062145333, 'ecc': 0.0}",2.3501036017486348,0.10000000000000002,0.10450035867443018,6041.900000000001,6118.499999999999,,1.4027372062145333,3796.185829630224,0.0,1813.2502748004283,196.06000269916507,True,True
80,815,822,8,53.0,81.07952200703322,1.5865532013821602,1.9195851781662836,907.5,9.957050624700928,0.0,"{'A': 2.094296378943993, 't0': 6124.900000000001, 't1': 6178.499999999999, 'a': 0.10000000000000002, 'b': 0.15346294963491489}","{'xc': 1984.0403429201708, 'yc': -227.9984483961521, 'a': 297.6088686810226, 'b': nan, 'angle_rad': 1.3830236026485023, 'ecc': 0.0}",2.094296378943993,0.10000000000000002,0.15346294963491489,6124.900000000001,6178.499999999999,297.6088686810226,1.3830236026485023,,0.0,1984.0403429201708,-227.9984483961521,True,True
81,823,830,8,53.0,76.29183733823983,1.4577474000804727,1.625337920559577,933.25,5.897941529526576,0.0,"{'A': 1.8186565234118917, 't0': 6184.900000000001, 't1': 6238.499999999999, 'a': 0.10000000002455545, 'b': 0.10000000000025784}","{'xc': 1895.7792735114642, 'yc': -295.65544375845207, 'a': 326.54420960382254, 'b': nan, 'angle_rad': 1.3873564490600994, 'ecc': 0.0}",1.8186565234118917,0.10000000002455545,0.10000000000025784,6184.900000000001,6238.499999999999,326.54420960382254,1.3873564490600994,,0.0,1895.7792735114642,-295.65544375845207,True,True
82,831,845,15,106.0,181.79995110621485,1.7281293870082328,2.0096140805722214,922.7333333333333,10.686885599159552,0.0,"{'A': 2.174862457012215, 't0': 6244.900000000001, 't1': 6351.499999999999, 'a': 0.10000000000000002, 'b': 0.11523643430569126}","{'xc': 4231.278321661811, 'yc': -875.2609367342902, 'a': nan, 'b': 6924.64664372564, 'angle_rad': -1.3769639938659397, 'ecc': 0.0}",2.174862457012215,0.10000000000000002,0.11523643430569126,6244.900000000001,6351.499999999999,,-1.3769639938659397,6924.64664372564,0.0,4231.278321661811,-875.2609367342902,True,True
83,846,853,8,53.0,84.38009243891639,1.6035509423792669,1.737932151513777,881.5,8.864052604279182,0.0,"{'A': 2.0103643781573632, 't0': 6357.900000000001, 't1': 6411.499999999999, 'a': 0.10000000000066517, 'b': 0.10000000000066363}","{'xc': 1751.4870432186926, 'yc': -358.50960298873787, 'a': 299.9924793370853, 'b': nan, 'angle_rad': 1.3665640048793901, 'ecc': 0.0}",2.0103643781573632,0.10000000000066517,0.10000000000066363,6357.900000000001,6411.499999999999,299.9924793370853,1.3665640048793901,,0.0,1751.4870432186926,-358.50960298873787,True,True
84,854,867,14,98.0,176.99780287399707,1.8248243017139512,2.1001025782094973,916.2857142857143,18.557306549540705,0.0,"{'A': 2.3058024551481506, 't0': 6417.900000000001, 't1': 6516.499999999999, 'a': 0.10000000000000002, 'b': 0.11964334363896967}","{'xc': 4960.411642504545, 'yc': -1047.8316960339903, 'a': nan, 'b': 4231.276455647842, 'angle_rad': 1.3593695051206178, 'ecc': 0.0}",2.3058024551481506,0.10000000000000002,0.11964334363896967,6417.900000000001,6516.499999999999,,1.3593695051206178,4231.276455647842,0.0,4960.411642504545,-1047.8316960339903,True,True
85,868,878,11,75.0,123.1160247715771,1.634881746432634,1.8226342103813957,923.7272727272727,6.8277508608751845,0.0,"{'A': 2.039522618386708, 't0': 6523.900000000001, 't1': 6599.499999999999, 'a': 0.10000007084396814, 'b': 0.10000000003464901}","{'xc': 3793.8072412072356, 'yc': -811.123229753987, 'a': 4138.251315859282, 'b': nan, 'angle_rad': -0.3707094718573605, 'ecc': 0.0}",2.039522618386708,0.10000007084396814,0.10000000003464901,6523.900000000001,6599.499999999999,4138.251315859282,-0.3707094718573605,,0.0,3793.8072412072356,-811.123229753987,True,True
86,879,888,10,68.0,127.75845264491187,1.8772898703576917,2.1322488740226575,900.4,8.002777295692066,0.0,"{'A': 2.34331862763212, 't0': 6605.900000000001, 't1': 6674.499999999999, 'a': 0.10000000851926215, 'b': 0.10000000000000069}","{'xc': 3663.642514187755, 'yc': -755.4763907522671, 'a': nan, 'b': 4023.907002007378, 'angle_rad': 1.202102379177798, 'ecc': 0.0}",2.34331862763212,0.10000000851926215,0.10000000000000069,6605.900000000001,6674.499999999999,,1.202102379177798,4023.907002007378,0.0,3663.642514187755,-755.4763907522671,True,True
87,889,896,8,53.0,106.35370755695875,2.0359516293200897,2.238601766389216,895.0,6.928203230275509,0.0,"{'A': 2.5545516386151434, 't0': 6680.900000000001, 't1': 6734.499999999999, 'a': 0.10000000000000078, 'b': 0.10000000440257187}","{'xc': 3579.5087940265917, 'yc': -718.6792704582958, 'a': nan, 'b': 3379.2685326906944, 'angle_rad': 1.1417960745555729, 'ecc': 0.0}",2.5545516386151434,0.10000000000000078,0.10000000440257187,6680.900000000001,6734.499999999999,,1.1417960745555729,3379.2685326906944,0.0,3579.5087940265917,-718.6792704582958,True,True
88,897,911,15,106.0,220.91954292104725,2.0985847266642255,2.428104530282255,894.6,5.816233439999758,0.0,"{'A': 2.596221535296937, 't0': 6740.900000000001, 't1': 6847.499999999999, 'a': 0.10000000001488261, 'b': 0.10000017297519409}","{'xc': 3467.744100509147, 'yc': -698.9956763393458, 'a': 4087.078982751713, 'b': nan, 'angle_rad': -0.5970756179584051, 'ecc': 0.0}",2.596221535296937,0.10000000001488261,0.10000017297519409,6740.900000000001,6847.499999999999,4087.078982751713,-0.5970756179584051,,0.0,3467.744100509147,-698.9956763393458,True,True
89,912,919,8,53.0,107.45593412081884,2.049939161099679,2.181139522018821,907.5,11.988089327089856,0.0,"{'A': 2.568008286222189, 't0': 6853.900000000001, 't1': 6907.499999999999, 'a': 0.10000000000004144, 'b': 0.10000000000334555}","{'xc': 3314.4289904893644, 'yc': -564.2947248961991, 'a': nan, 'b': 2330.03804248806, 'angle_rad': 0.9100212033636985, 'ecc': 0.0}",2.568008286222189,0.10000000000004144,0.10000000000334555,6853.900000000001,6907.499999999999,,0.9100212033636985,2330.03804248806,0.0,3314.4289904893644,-564.2947248961991,True,True
90,920,927,8,53.0,100.90094152187085,1.95951052137821,2.257765636405667,946.75,9.70640436589604,0.0,"{'A': 2.4920253810455857, 't0': 6913.900000000001, 't1': 6967.499999999999, 'a': 0.10000000000000002, 'b': 0.11569257522863048}","{'xc': 3184.9510250287412, 'yc': -249.38917956899087, 'a': nan, 'b': 1793.7544085573238, 'angle_rad': 0.9640761544355915, 'ecc': 0.0}",2.4920253810455857,0.10000000000000002,0.11569257522863048,6913.900000000001,6967.499999999999,,0.9640761544355915,1793.7544085573238,0.0,3184.9510250287412,-249.38917956899087,True,True
91,928,936,9,61.0,107.20126450332158,1.7884277110669815,1.9886298112210585,942.1111111111111,5.487359211051443,0.0,"{'A': 2.228919077810367, 't0': 6973.900000000001, 't1': 7035.499999999999, 'a': 0.10000000001186521, 'b': 0.10000038436100266}","{'xc': 3195.0843127808052, 'yc': 42.072984462514306, 'a': nan, 'b': 2238.9100745544683, 'angle_rad': 0.8240967068004127, 'ecc': 0.0}",2.228919077810367,0.10000000001186521,0.10000038436100266,6973.900000000001,7035.499999999999,,0.8240967068004127,2238.9100745544683,0.0,3195.0843127808052,42.072984462514306,True,True
92,937,944,8,53.0,98.08159868191382,1.8592549526284265,2.034286606027984,960.75,13.155661464610153,0.0,"{'A': 2.3299460160165295, 't0': 7041.900000000001, 't1': 7095.499999999999, 'a': 0.10000000044306143, 'b': 0.1000000000016434}","{'xc': 3165.338884964073, 'yc': -302.48834250648144, 'a': 3669.309989575879, 'b': nan, 'angle_rad': -0.9174065015824917, 'ecc': 0.0}",2.3299460160165295,0.10000000044306143,0.1000000000016434,7041.900000000001,7095.499999999999,3669.309989575879,-0.9174065015824917,,0.0,3165.338884964073,-302.48834250648144,True,True
93,945,952,8,53.0,103.48000343598329,1.9882027249072318,2.230483510215296,961.0,10.528871870107588,0.0,"{'A': 2.495886766233655, 't0': 7101.900000000001, 't1': 7155.499999999999, 'a': 0.10000000000000002, 'b': 0.10212095725850388}","{'xc': 3132.065211764906, 'yc': -246.67877116182905, 'a': 3735.134887424702, 'b': nan, 'angle_rad': -0.9236565365454252, 'ecc': 0.0}",2.495886766233655,0.10000000000000002,0.10212095725850388,7101.900000000001,7155.499999999999,3735.134887424702,-0.9236565365454252,,0.0,3132.065211764906,-246.67877116182905,True,True
94,953,960,8,53.0,104.06461667850625,1.9785202729123106,2.190476190476192,949.0,7.708992893275452,0.0,"{'A': 2.4847232931203007, 't0': 7161.900000000001, 't1': 7215.499999999999, 'a': 0.10000000000009697, 'b': 0.10000000000000227}","{'xc': 3113.4317831895946, 'yc': 113.17699273138803, 'a': 949.717283420781, 'b': nan, 'angle_rad': 0.8099288545508257, 'ecc': 0.0}",2.4847232931203007,0.10000000000009697,0.10000000000000227,7161.900000000001,7215.499999999999,949.717283420781,0.8099288545508257,,0.0,3113.4317831895946,113.17699273138803,True,True
95,961,971,11,76.0,167.5592764102039,2.2154865700075415,2.4844185639515346,950.6363636363636,7.089044043772437,0.0,"{'A': 2.755669998806351, 't0': 7221.900000000001, 't1': 7298.499999999999, 'a': 0.10000000003849711, 'b': 0.10000000000001101}","{'xc': 3130.7153367615538, 'yc': 320.06023937670454, 'a': 5401.0923736158475, 'b': nan, 'angle_rad': 1.2371770297809601, 'ecc': 0.0}",2.755669998806351,0.10000000003849711,0.10000000000001101,7221.900000000001,7298.499999999999,5401.0923736158475,1.2371770297809601,,0.0,3130.7153367615538,320.06023937670454,True,True
96,972,979,8,53.0,130.40662900669165,2.471437087849231,2.8769157079986947,940.75,7.285013971944637,0.0,"{'A': 3.097569440622831, 't0': 7304.900000000001, 't1': 7358.499999999999, 'a': 0.10000002989723884, 'b': 0.1000000000000001}","{'xc': 3168.714098220817, 'yc': 428.15890398716675, 'a': 1865.0073657374353, 'b': nan, 'angle_rad': 0.7060021465176642, 'ecc': 0.0}",3.097569440622831,0.10000002989723884,0.1000000000000001,7304.900000000001,7358.499999999999,1865.0073657374353,0.7060021465176642,,0.0,3168.714098220817,428.15890398716675,True,True
97,980,991,12,83.0,240.54960218447903,2.927918774090994,3.291230703929038,937.5,13.187459607865758,0.0,"{'A': 3.633298813000176, 't0': 7364.900000000001, 't1': 7448.499999999999, 'a': 0.10000000000000002, 'b': 0.1000000057647609}","{'xc': 3229.6251697159805, 'yc': 885.4690814282962, 'a': 4711.139189176652, 'b': nan, 'angle_rad': 0.8990232725250732, 'ecc': 0.0}",3.633298813000176,0.10000000000000002,0.1000000057647609,7364.900000000001,7448.499999999999,4711.139189176652,0.8990232725250732,,0.0,3229.6251697159805,885.4690814282962,True,True
98,992,1004,13,91.0,223.47756536668766,2.508490142381248,3.0978011366267992,909.9230769230769,18.268650463118224,0.0,"{'A': 3.4242028926310617, 't0': 7454.900000000001, 't1': 7546.499999999999, 'a': 0.10000000000000002, 'b': 0.20313016159080877}","{'xc': 3420.972067431876, 'yc': 809.1428777784939, 'a': 3121.8536393818626, 'b': nan, 'angle_rad': 0.5181322129183392, 'ecc': 0.0}",3.4242028926310617,0.10000000000000002,0.20313016159080877,7454.900000000001,7546.499999999999,3121.8536393818626,0.5181322129183392,,0.0,3420.972067431876,809.1428777784939,True,True
99,1005,1018,14,98.0,219.82139214472383,2.2567643089751313,2.575393768188564,921.4285714285714,12.106668764421887,0.0,"{'A': 2.794305751573891, 't0': 7552.900000000001, 't1': 7651.499999999999, 'a': 0.10000011540063233, 'b': 0.10000000000007918}","{'xc': 3630.686479169381, 'yc': 1009.6497473471131, 'a': 3806.256292963203, 'b': nan, 'angle_rad': 0.5010944397340958, 'ecc': 0.0}",2.794305751573891,0.10000011540063233,0.10000000000007918,7552.900000000001,7651.499999999999,3806.256292963203,0.5010944397340958,,0.0,3630.686479169381,1009.6497473471131,True,True
100,1019,1031,13,91.0,204.6441355676295,2.279502084078033,2.7705120395788096,861.4615384615385,46.12413573646554,0.0,"{'A': 2.9393235481768754, 't0': 7657.900000000001, 't1': 7749.499999999999, 'a': 0.10000000000000002, 'b': 0.13872101268488696}",,2.9393235481768754,0.10000000000000002,0.13872101268488696,7657.900000000001,7749.499999999999,,,,,,,False,True
101,1032,1045,14,98.0,205.546696505793,2.113747355502331,2.3642269690106983,860.1428571428571,31.365971622511168,0.0,"{'A': 2.615581277202629, 't0': 7755.900000000001, 't1': 7854.499999999999, 'a': 0.10000000000000002, 'b': 0.10000000017130233}","{'xc': 5573.857324435495, 'yc': 1722.0679837983646, 'a': nan, 'b': 6076.46105124182, 'angle_rad': -1.171653469885038, 'ecc': 0.0}",2.615581277202629,0.10000000000000002,0.10000000017130233,7755.900000000001,7854.499999999999,,-1.171653469885038,6076.46105124182,0.0,5573.857324435495,1722.0679837983646,True,True
102,1046,1058,13,91.0,184.62514575334623,2.04670139213844,2.262781784860374,906.3846153846154,6.652549154753406,0.0,"{'A': 2.5356299430565494, 't0': 7860.900000000001, 't1': 7952.499999999999, 'a': 0.10000000000000002, 'b': 0.10000000459212685}","{'xc': 4150.118599655931, 'yc': 1132.0562963929258, 'a': nan, 'b': 13348.602598076252, 'angle_rad': -1.5181117080354902, 'ecc': 0.0}",2.5356299430565494,0.10000000000000002,0.10000000459212685,7860.900000000001,7952.499999999999,,-1.5181117080354902,13348.602598076252,0.0,4150.118599655931,1132.0562963929258,True,True
103,1059,1072,14,98.0,220.29500423043814,2.2433731910587604,2.599494107420222,831.4285714285714,39.20108767273269,0.0,"{'A': 2.7822227055669977, 't0': 7958.900000000001, 't1': 8057.499999999999, 'a': 0.10000000249326876, 'b': 0.10000000000000002}","{'xc': 4437.455741713848, 'yc': 1088.9815827513592, 'a': nan, 'b': 13343.240818721008, 'angle_rad': -1.516565341740812, 'ecc': 0.0}",2.7822227055669977,0.10000000249326876,0.10000000000000002,7958.900000000001,8057.499999999999,,-1.516565341740812,13343.240818721008,0.0,4437.455741713848,1088.9815827513592,True,True
104,1073,1086,14,98.0,215.30185528436292,2.2249634832422656,2.521562341880799,795.5714285714286,13.954399833933191,0.0,"{'A': 2.7631442789923115, 't0': 8063.900000000001, 't1': 8162.499999999999, 'a': 0.10000000000000002, 'b': 0.10431496469487649}","{'xc': 4604.808680924489, 'yc': 1156.6804187843725, 'a': nan, 'b': 1074.9844477518493, 'angle_rad': -0.14750794215328727, 'ecc': 0.0}",2.7631442789923115,0.10000000000000002,0.10431496469487649,8063.900000000001,8162.499999999999,,-0.14750794215328727,1074.9844477518493,0.0,4604.808680924489,1156.6804187843725,True,True
105,1087,1099,13,90.0,192.00462957381467,2.1316943383444786,2.428104530282235,819.1538461538462,10.876933957126536,0.0,"{'A': 2.6559744135805063, 't0': 8169.900000000001, 't1': 8260.499999999998, 'a': 0.10000000002786556, 'b': 0.10000015034017595}","{'xc': 2107.5963477820883, 'yc': 217.28885930040676, 'a': nan, 'b': 2111.4865509712554, 'angle_rad': -1.3852478937565154, 'ecc': 0.0}",2.6559744135805063,0.10000000002786556,0.10000015034017595,8169.900000000001,8260.499999999998,,-1.3852478937565154,2111.4865509712554,0.0,2107.5963477820883,217.28885930040676,True,True
106,1100,1107,8,53.0,85.37498983243833,1.6777071615001224,2.038184243717362,877.0,22.878561393334405,0.0,"{'A': 2.1283115932614236, 't0': 8266.900000000001, 't1': 8320.499999999998, 'a': 0.10000000000000002, 'b': 0.11660859241259953}","{'xc': 2400.75065644384, 'yc': 245.95612646609823, 'a': nan, 'b': 2067.091190521492, 'angle_rad': -1.3608931237698898, 'ecc': 0.0}",2.1283115932614236,0.10000000000000002,0.11660859241259953,8266.900000000001,8320.499999999998,,-1.3608931237698898,2067.091190521492,0.0,2400.75065644384,245.95612646609823,True,True
107,1108,1120,13,91.0,144.04358908176246,1.5954634676002422,1.7261494247992246,945.3076923076923,34.164759171268415,0.0,"{'A': 1.9736365375048657, 't0': 8326.900000000001, 't1': 8418.499999999998, 'a': 0.10000000000090169, 'b': 0.100000016813613}","{'xc': 1964.5051335242981, 'yc': -100.91950558319847, 'a': nan, 'b': 4999.706242063112, 'angle_rad': -1.3426793535394226, 'ecc': 0.0}",1.9736365375048657,0.10000000000090169,0.100000016813613,8326.900000000001,8418.499999999998,,-1.3426793535394226,4999.706242063112,0.0,1964.5051335242981,-100.91950558319847,True,True
108,1121,1128,8,53.0,96.0908135278522,1.8073954778213284,2.108185106778892,989.25,15.618212811604643,0.0,"{'A': 2.267006899841384, 't0': 8424.900000000001, 't1': 8478.499999999998, 'a': 0.10000004076381093, 'b': 0.10000000000000017}","{'xc': 2516.5970185327947, 'yc': 99.72884271616351, 'a': nan, 'b': 9633.124136432554, 'angle_rad': -1.4135199883154759, 'ecc': 0.0}",2.267006899841384,0.10000004076381093,0.10000000000000017,8424.900000000001,8478.499999999998,,-1.4135199883154759,9633.124136432554,0.0,2516.5970185327947,99.72884271616351,True,True
109,1129,1136,8,53.0,111.08005121432822,2.1198602379834823,2.298574930694704,993.25,7.592289321598403,0.0,"{'A': 2.653311299400531, 't0': 8484.900000000001, 't1': 8538.499999999998, 'a': 0.10000000000741614, 'b': 0.10000000001104783}","{'xc': 2409.7895768681014, 'yc': 112.88751376478828, 'a': nan, 'b': 11497.400946927764, 'angle_rad': -1.4536771241576036, 'ecc': 0.0}",2.653311299400531,0.10000000000741614,0.10000000001104783,8484.900000000001,8538.499999999998,,-1.4536771241576036,11497.400946927764,0.0,2409.7895768681014,112.88751376478828,True,True
110,1137,1144,8,53.0,128.20989734719302,2.4353615331733245,2.6734607328796565,1014.5,20.16361645567155,0.0,"{'A': 3.0604202354686834, 't0': 8544.900000000001, 't1': 8598.499999999998, 'a': 0.10000000000467181, 'b': 0.10000008623491906}","{'xc': 5157.024914102604, 'yc': 442.3344155143691, 'a': 1654.4076874010334, 'b': nan, 'angle_rad': 0.8358448428472626, 'ecc': 0.0}",3.0604202354686834,0.10000000000467181,0.10000008623491906,8544.900000000001,8598.499999999998,1654.4076874010334,0.8358448428472626,,0.0,5157.024914102604,442.3344155143691,True,True
111,1145,1153,9,61.0,160.63934760823702,2.655302514281731,2.923825034858821,1033.6666666666667,14.000000000000002,0.0,"{'A': 3.3169438137698704, 't0': 8604.900000000001, 't1': 8666.499999999998, 'a': 0.10000000052223208, 'b': 0.1000000001129543}","{'xc': 5177.105188984117, 'yc': 317.62874409990684, 'a': nan, 'b': 563.733718743312, 'angle_rad': 0.8551342983902087, 'ecc': 0.0}",3.3169438137698704,0.10000000052223208,0.1000000001129543,8604.900000000001,8666.499999999998,,0.8551342983902087,563.733718743312,0.0,5177.105188984117,317.62874409990684,True,True
112,1154,1161,8,53.0,146.00342461736986,2.8015171618130545,3.095238095238096,1119.25,25.081296389370078,0.0,"{'A': 3.508540176298481, 't0': 8672.900000000001, 't1': 8726.499999999998, 'a': 0.10000000000000002, 'b': 0.10000000018984712}","{'xc': 5904.223130319092, 'yc': 85.7356659264521, 'a': 3306.019189315148, 'b': nan, 'angle_rad': -1.5637599642316673, 'ecc': 0.0}",3.508540176298481,0.10000000000000002,0.10000000018984712,8672.900000000001,8726.499999999998,3306.019189315148,-1.5637599642316673,,0.0,5904.223130319092,85.7356659264521,True,True
113,1162,1175,14,98.0,276.7770863990652,2.8506245192446094,3.095238095238095,1092.2857142857142,26.342211143184013,0.0,"{'A': 3.518327013767008, 't0': 8732.900000000001, 't1': 8831.499999999998, 'a': 0.10000000000107125, 'b': 0.10000000177364618}","{'xc': 5185.0346643352605, 'yc': -172.00389629513717, 'a': nan, 'b': 779.8404803621607, 'angle_rad': -0.816367726532882, 'ecc': 0.0}",3.518327013767008,0.10000000000107125,0.10000000177364618,8732.900000000001,8831.499999999998,,-0.816367726532882,779.8404803621607,0.0,5185.0346643352605,-172.00389629513717,True,True
114,1176,1190,15,106.0,311.4874707663929,2.9682303431971797,3.316282923139063,1013.1333333333333,24.628284165820016,0.0,"{'A': 3.667992310420932, 't0': 8837.900000000001, 't1': 8944.499999999998, 'a': 0.10000000000459427, 'b': 0.10000000090443661}","{'xc': 5115.719165186646, 'yc': -598.2483495286431, 'a': nan, 'b': 4365.348788839743, 'angle_rad': -0.8482100878952868, 'ecc': 0.0}",3.667992310420932,0.10000000000459427,0.10000000090443661,8837.900000000001,8944.499999999998,,-0.8482100878952868,4365.348788839743,0.0,5115.719165186646,-598.2483495286431,True,True
115,1191,1198,8,53.0,141.56309939779894,2.7065454114749867,2.953916651289655,1001.0,11.952286093343936,0.0,"{'A': 3.3950321840012094, 't0': 8950.900000000001, 't1': 9004.499999999998, 'a': 0.10000000004263646, 'b': 0.10000018292494747}","{'xc': 391.10623404315953, 'yc': 652.2272430049213, 'a': nan, 'b': 7865.829122340405, 'angle_rad': 1.3391312055532107, 'ecc': 0.0}",3.3950321840012094,0.10000000004263646,0.10000018292494747,8950.900000000001,9004.499999999998,,1.3391312055532107,7865.829122340405,0.0,391.10623404315953,652.2272430049213,True,True
116,1199,1206,8,53.0,140.5149260557199,2.6891373382762045,2.9481536556503376,971.0,14.182484166846693,0.0,"{'A': 3.3752852966026903, 't0': 9010.900000000001, 't1': 9064.499999999998, 'a': 0.1000000000000003, 'b': 0.10000000004419128}","{'xc': 2325.864063865998, 'yc': 209.8952134008622, 'a': nan, 'b': 8281.09225598037, 'angle_rad': 1.3169373832442204, 'ecc': 0.0}",3.3752852966026903,0.1000000000000003,0.10000000004419128,9010.900000000001,9064.499999999998,,1.3169373832442204,8281.09225598037,0.0,2325.864063865998,209.8952134008622,True,True
117,1207,1215,9,61.0,132.74034804836094,2.234125669031925,2.615148612904001,988.3333333333334,12.206555615733702,0.0,"{'A': 2.7770631554706755, 't0': 9070.900000000001, 't1': 9132.499999999998, 'a': 0.10000000000000002, 'b': 0.10000005905876619}","{'xc': 4893.779033371797, 'yc': -564.6106403422355, 'a': nan, 'b': 1941.3282333053344, 'angle_rad': 0.5900981307421308, 'ecc': 0.0}",2.7770631554706755,0.10000000000000002,0.10000005905876619,9070.900000000001,9132.499999999998,,0.5900981307421308,1941.3282333053344,0.0,4893.779033371797,-564.6106403422355,True,True
118,1216,1223,8,53.0,98.555117122913,1.9167077760031497,2.262280670518048,978.5,17.62303687141999,0.0,"{'A': 2.4326891477108066, 't0': 9138.900000000001, 't1': 9192.499999999998, 'a': 0.10000000000000002, 'b': 0.11513230698177072}","{'xc': 2405.9349645764605, 'yc': 419.60901239535116, 'a': nan, 'b': 5609.129530195925, 'angle_rad': 0.9954224867430264, 'ecc': 0.0}",2.4326891477108066,0.10000000000000002,0.11513230698177072,9138.900000000001,9192.499999999998,,0.9954224867430264,5609.129530195925,0.0,2405.9349645764605,419.60901239535116,True,True
119,1224,1231,8,53.0,84.67257197253686,1.6324369802654826,1.822634210381403,997.0,11.109841197270617,0.0,"{'A': 2.043861186936075, 't0': 9198.900000000001, 't1': 9252.499999999998, 'a': 0.10000000000000002, 'b': 0.10000026723739053}","{'xc': 2271.863619389202, 'yc': -118.02846917220657, 'a': nan, 'b': 3983.6772236371935, 'angle_rad': 1.2543949637202865, 'ecc': 0.0}",2.043861186936075,0.10000000000000002,0.10000026723739053,9198.900000000001,9252.499999999998,,1.2543949637202865,3983.6772236371935,0.0,2271.863619389202,-118.02846917220657,True,True
120,1232,1241,10,68.0,104.42275188440075,1.5548047541685353,1.6849339059956157,972.0,10.16530045465127,0.0,"{'A': 1.933140460919313, 't0': 9258.900000000001, 't1': 9327.499999999998, 'a': 0.10000000000120869, 'b': 0.10000000318081233}","{'xc': 2160.2782135512884, 'yc': 199.64345601679602, 'a': nan, 'b': 3149.950648476581, 'angle_rad': 1.165897634697131, 'ecc': 0.0}",1.933140460919313,0.10000000000120869,0.10000000318081233,9258.900000000001,9327.499999999998,,1.165897634697131,3149.950648476581,0.0,2160.2782135512884,199.64345601679602,True,True
121,1242,1252,11,76.0,121.05554280760735,1.6110162572221833,1.8001007782319873,960.0909090909091,14.896003124694525,0.0,"{'A': 2.0018420337810072, 't0': 9333.900000000001, 't1': 9410.499999999998, 'a': 0.10000000000002013, 'b': 0.1000000033818947}","{'xc': 843.4078914141916, 'yc': 103.5614424676992, 'a': 1014.6389265518343, 'b': nan, 'angle_rad': 1.2527562940470145, 'ecc': 0.0}",2.0018420337810072,0.10000000000002013,0.1000000033818947,9333.900000000001,9410.499999999998,1014.6389265518343,1.2527562940470145,,0.0,843.4078914141916,103.5614424676992,True,True
122,1253,1262,10,68.0,89.10044269749058,1.350439401660247,1.6612155754774443,911.0,16.99673171197595,0.0,"{'A': 1.7756797588606847, 't0': 9416.900000000001, 't1': 9485.499999999998, 'a': 0.10000000000000002, 'b': 0.15872502878149303}","{'xc': -113.32624690192705, 'yc': 411.1233038601516, 'a': 1216.0942061459446, 'b': nan, 'angle_rad': 1.249841157163308, 'ecc': 0.0}",1.7756797588606847,0.10000000000000002,0.15872502878149303,9416.900000000001,9485.499999999998,1216.0942061459446,1.249841157163308,,0.0,-113.32624690192705,411.1233038601516,True,True
123,1263,1277,15,106.0,127.15913040141652,1.2104171599517386,1.3940267779336697,890.6,20.20183867162308,0.0,"{'A': 1.4965193562795716, 't0': 9491.900000000001, 't1': 9598.499999999998, 'a': 0.10000000000000002, 'b': 0.10000000091962158}","{'xc': 1850.6051238723417, 'yc': -453.41297112617025, 'a': 614.3654002747481, 'b': nan, 'angle_rad': 1.2542696281637566, 'ecc': 0.0}",1.4965193562795716,0.10000000000000002,0.10000000091962158,9491.900000000001,9598.499999999998,614.3654002747481,1.2542696281637566,,0.0,1850.6051238723417,-453.41297112617025,True,True
124,1278,1285,8,53.0,70.07932013876213,1.31868279670069,1.5238095238094371,882.75,18.986837546047525,0.0,"{'A': 1.6568460737299846, 't0': 9604.900000000001, 't1': 9658.499999999998, 'a': 0.10000000047197118, 'b': 0.10000000000000003}","{'xc': 2050.64608159423, 'yc': -598.6526875391199, 'a': 595.6546684551968, 'b': nan, 'angle_rad': 1.2335674762098952, 'ecc': 0.0}",1.6568460737299846,0.10000000047197118,0.10000000000000003,9604.900000000001,9658.499999999998,595.6546684551968,1.2335674762098952,,0.0,2050.64608159423,-598.6526875391199,True,True
125,1286,1295,10,68.0,112.7499692042336,1.6621150261471223,1.85958325616825,840.6,22.40634830677334,0.0,"{'A': 2.0791951031727627, 't0': 9664.900000000001, 't1': 9733.499999999998, 'a': 0.10000000000000289, 'b': 0.10000001790663483}","{'xc': 4167.295500836361, 'yc': -1341.979507194168, 'a': 31590.03542791825, 'b': nan, 'angle_rad': -0.011421164074599746, 'ecc': 0.0}",2.0791951031727627,0.10000000000000289,0.10000001790663483,9664.900000000001,9733.499999999998,31590.03542791825,-0.011421164074599746,,0.0,4167.295500836361,-1341.979507194168,True,True
126,1296,1303,8,53.0,88.94442709417585,1.6789853753215533,1.9295999608909284,854.5,11.600492600378166,0.0,"{'A': 2.104112652666191, 't0': 9739.900000000001, 't1': 9793.499999999998, 'a': 0.10000000002328481, 'b': 0.10000000000000002}","{'xc': 2045.887501969818, 'yc': -715.181911751252, 'a': 136.0470679574277, 'b': nan, 'angle_rad': 1.2331473785335478, 'ecc': 0.0}",2.104112652666191,0.10000000002328481,0.10000000000000002,9739.900000000001,9793.499999999998,136.0470679574277,1.2331473785335478,,0.0,2045.887501969818,-715.181911751252,True,True
127,1304,1312,9,61.0,136.72031467358642,2.244076044054945,2.6229408293181526,843.8888888888889,12.046207333061767,0.0,"{'A': 2.7999125267809046, 't0': 9799.900000000001, 't1': 9861.499999999998, 'a': 0.10000003330741035, 'b': 0.10000000000000019}","{'xc': 3961.4009223922562, 'yc': -1387.9975075343657, 'a': 6173.204148350618, 'b': nan, 'angle_rad': -0.2807408865422565, 'ecc': 0.0}",2.7999125267809046,0.10000003330741035,0.10000000000000019,9799.900000000001,9861.499999999998,6173.204148350618,-0.2807408865422565,,0.0,3961.4009223922562,-1387.9975075343657,True,True
128,1313,1326,14,98.0,268.64702161427766,2.7578692270475336,3.077237032648288,858.2857142857143,9.235621435328717,0.0,"{'A': 3.4131755774120744, 't0': 9867.900000000001, 't1': 9966.499999999998, 'a': 0.10000000068819867, 'b': 0.10000004707401015}","{'xc': 3673.2273838090655, 'yc': -1307.4547955198764, 'a': nan, 'b': 4178.108790610241, 'angle_rad': 1.055148863357781, 'ecc': 0.0}",3.4131755774120744,0.10000000068819867,0.10000004707401015,9867.900000000001,9966.499999999998,,1.055148863357781,4178.108790610241,0.0,3673.2273838090655,-1307.4547955198764,True,True
129,1327,1339,13,91.0,246.2970203275351,2.742406552088959,3.013574729961284,900.2307692307693,13.965158109582614,0.0,"{'A': 3.3884503996373745, 't0': 9972.900000000001, 't1': 10064.499999999998, 'a': 0.10000000001866474, 'b': 0.10000033437791109}","{'xc': 3092.4154532230755, 'yc': -977.5359856477468, 'a': nan, 'b': 3499.7610084581247, 'angle_rad': 1.1522743424289499, 'ecc': 0.0}",3.3884503996373745,0.10000000001866474,0.10000033437791109,9972.900000000001,10064.499999999998,,1.1522743424289499,3499.7610084581247,0.0,3092.4154532230755,-977.5359856477468,True,True
130,1340,1353,14,98.0,289.7180621838336,2.970700197037457,3.306010468135215,938.5714285714286,13.704094198530518,0.0,"{'A': 3.6746206786163067, 't0': 10070.900000000001, 't1': 10169.499999999998, 'a': 0.10000000003255735, 'b': 0.10000000033688314}","{'xc': 3297.087183258879, 'yc': -954.0210764058152, 'a': 13546.59572673791, 'b': nan, 'angle_rad': -0.8303502420754771, 'ecc': 0.0}",3.6746206786163067,0.10000000003255735,0.10000000033688314,10070.900000000001,10169.499999999998,13546.59572673791,-0.8303502420754771,,0.0,3297.087183258879,-954.0210764058152,True,True
131,1354,1361,8,53.0,154.5114163347738,2.9578406372744723,3.176586681934855,935.5,5.830951894845301,0.0,"{'A': 3.7069988084846477, 't0': 10175.900000000001, 't1': 10229.499999999998, 'a': 0.10000000000000239, 'b': 0.1000000025931933}","{'xc': 3143.446532564141, 'yc': -926.3629632272809, 'a': 4337.822044407496, 'b': nan, 'angle_rad': -0.7751188213931084, 'ecc': 0.0}",3.7069988084846477,0.10000000000000239,0.1000000025931933,10175.900000000001,10229.499999999998,4337.822044407496,-0.7751188213931084,,0.0,3143.446532564141,-926.3629632272809,True,True
132,1362,1370,9,61.0,165.46835884173674,2.763549488269571,3.0669032739247033,953.0,9.219544457292887,0.0,"{'A': 3.4439865972173322, 't0': 10235.900000000001, 't1': 10297.499999999998, 'a': 0.10000000000000327, 'b': 0.10000009712106779}","{'xc': 3063.390190560988, 'yc': -911.9091075953728, 'a': 2882.904795165795, 'b': nan, 'angle_rad': -0.8342151916702515, 'ecc': 0.0}",3.4439865972173322,0.10000000000000327,0.10000009712106779,10235.900000000001,10297.499999999998,2882.904795165795,-0.8342151916702515,,0.0,3063.390190560988,-911.9091075953728,True,True
133,1371,1378,8,53.0,137.64083696345355,2.6558589172845655,2.9821844403526,935.75,7.00510018282598,0.0,"{'A': 3.3245494172099077, 't0': 10303.900000000001, 't1': 10357.499999999998, 'a': 0.10000000000000002, 'b': 0.1003214831431731}","{'xc': 2982.556598044461, 'yc': -387.41367272371104, 'a': 4838.945522350106, 'b': nan, 'angle_rad': -1.0339256378038693, 'ecc': 0.0}",3.3245494172099077,0.10000000000000002,0.1003214831431731,10303.900000000001,10357.499999999998,4838.945522350106,-1.0339256378038693,,0.0,2982.556598044461,-387.41367272371104,True,True
134,1379,1386,8,53.0,134.2013412749664,2.568252305497127,2.8650683726650077,951.0,5.1269595556932455,0.0,"{'A': 3.223881802826685, 't0': 10363.900000000001, 't1': 10417.499999999998, 'a': 0.10000000000000002, 'b': 0.10000072040098988}","{'xc': 2931.1705887893377, 'yc': 40.860251862773914, 'a': nan, 'b': 5044.65002969931, 'angle_rad': 0.4672292459999153, 'ecc': 0.0}",3.223881802826685,0.10000000000000002,0.10000072040098988,10363.900000000001,10417.499999999998,,0.4672292459999153,5044.65002969931,0.0,2931.1705887893377,40.860251862773914,True,True
135,1387,1394,8,53.0,133.30708074884012,2.5407130316407964,2.7737839769925143,951.25,4.832922806867792,0.0,"{'A': 3.191410969241994, 't0': 10423.900000000001, 't1': 10477.499999999998, 'a': 0.10000000005707209, 'b': 0.10000027007300986}","{'xc': 2888.591215035576, 'yc': -540.5751527252738, 'a': 2658.582788089527, 'b': nan, 'angle_rad': -0.9051104398998364, 'ecc': 0.0}",3.191410969241994,0.10000000005707209,0.10000027007300986,10423.900000000001,10477.499999999998,2658.582788089527,-0.9051104398998364,,0.0,2888.591215035576,-540.5751527252738,True,True
136,1395,1403,9,61.0,151.98830364355163,2.515774917410214,2.794958207776989,971.0,11.916375287812984,0.0,"{'A': 3.1446468338284594, 't0': 10483.900000000001, 't1': 10545.499999999998, 'a': 0.10000000000788338, 'b': 0.10000002576163246}","{'xc': 2871.5574539555905, 'yc': -114.0561782981344, 'a': 1985.5120631977713, 'b': nan, 'angle_rad': -0.8071394282750219, 'ecc': 0.0}",3.1446468338284594,0.10000000000788338,0.10000002576163246,10483.900000000001,10545.499999999998,1985.5120631977713,-0.8071394282750219,,0.0,2871.5574539555905,-114.0561782981344,True,True
137,1404,1411,8,53.0,144.9260347748311,2.7437252060023587,3.0060407813498315,988.5,10.127755357009201,0.0,"{'A': 3.4493654670217815, 't0': 10551.900000000001, 't1': 10605.499999999998, 'a': 0.10000000000002768, 'b': 0.10000000000000452}","{'xc': 2853.1592854780906, 'yc': 272.95988575560045, 'a': nan, 'b': 3601.590409244513, 'angle_rad': 0.5230173036332574, 'ecc': 0.0}",3.4493654670217815,0.10000000000002768,0.10000000000000452,10551.900000000001,10605.499999999998,,0.5230173036332574,3601.590409244513,0.0,2853.1592854780906,272.95988575560045,True,True
138,1412,1419,8,53.0,147.87682562036403,2.828885239198354,3.095238095238094,993.0,5.0142653642240695,0.0,"{'A': 3.5504647575072545, 't0': 10611.900000000001, 't1': 10665.499999999998, 'a': 0.10000000000000026, 'b': 0.10000000009505423}","{'xc': 2853.0775107708564, 'yc': 283.6782444894457, 'a': 152.34292578386422, 'b': nan, 'angle_rad': -0.8060016775858077, 'ecc': 0.0}",3.5504647575072545,0.10000000000000026,0.10000000009505423,10611.900000000001,10665.499999999998,152.34292578386422,-0.8060016775858077,,0.0,2853.0775107708564,283.6782444894457,True,True
139,1420,1434,15,106.0,336.65346508770057,3.1876480797854687,3.672845752052126,988.2,8.410877311128557,0.0,"{'A': 3.9385165485776663, 't0': 10671.900000000001, 't1': 10778.499999999998, 'a': 0.10000000724151976, 'b': 0.10000000000198346}","{'xc': 2875.673621735656, 'yc': 759.452324205019, 'a': nan, 'b': 4862.534555187891, 'angle_rad': -0.3256560127113479, 'ecc': 0.0}",3.9385165485776663,0.10000000724151976,0.10000000000198346,10671.900000000001,10778.499999999998,,-0.3256560127113479,4862.534555187891,0.0,2875.673621735656,759.452324205019,True,True
140,1435,1442,8,53.0,168.47683652195167,3.229622632550164,3.495705171853901,970.5,7.54036755451237,0.0,"{'A': 4.044884532052302, 't0': 10784.900000000001, 't1': 10838.499999999998, 'a': 0.10000000000000016, 'b': 0.10000000010284012}","{'xc': 3045.758188904721, 'yc': 1054.9287979546573, 'a': 3052.411277150055, 'b': nan, 'angle_rad': 0.8119295952287009, 'ecc': 0.0}",4.044884532052302,0.10000000000000016,0.10000000010284012,10784.900000000001,10838.499999999998,3052.411277150055,0.8119295952287009,,0.0,3045.758188904721,1054.9287979546573,True,True
141,1443,1450,8,53.0,158.66246493036013,3.055921318195259,3.386648454608485,981.5,5.529143565818179,0.0,"{'A': 3.8244972898374208, 't0': 10844.900000000001, 't1': 10898.499999999998, 'a': 0.10000000000000002, 'b': 0.10000011360371519}","{'xc': 3111.77190555043, 'yc': 1178.1028404505869, 'a': 2774.184445276552, 'b': nan, 'angle_rad': 0.7639290009063522, 'ecc': 0.0}",3.8244972898374208,0.10000000000000002,0.10000011360371519,10844.900000000001,10898.499999999998,2774.184445276552,0.7639290009063522,,0.0,3111.77190555043,1178.1028404505869,True,True
142,1451,1463,13,91.0,271.20471972294285,3.034324335543556,3.371549634630271,965.4615384615385,11.050002900568133,0.0,"{'A': 3.7573537335436153, 't0': 10904.900000000001, 't1': 10996.499999999998, 'a': 0.10000000000000002, 'b': 0.1000000042007194}","{'xc': 3130.621636517145, 'yc': 1078.072598596516, 'a': nan, 'b': 1479.2783181754396, 'angle_rad': -1.2483319509462494, 'ecc': 0.0}",3.7573537335436153,0.10000000000000002,0.1000000042007194,10904.900000000001,10996.499999999998,,-1.2483319509462494,1479.2783181754396,0.0,3130.621636517145,1078.072598596516,True,True
143,1464,1471,8,53.0,142.41176605572696,2.735588866301385,2.983324782414702,987.75,8.811518435709996,0.0,"{'A': 3.4259404299435596, 't0': 11002.900000000001, 't1': 11056.499999999998, 'a': 0.10000000000000066, 'b': 0.10000000110242639}",,3.4259404299435596,0.10000000000000066,0.10000000110242639,11002.900000000001,11056.499999999998,,,,,,,False,True
144,1472,1479,8,53.0,136.61625086350452,2.615873341539669,2.815973227042371,984.0,9.133924207511875,0.0,"{'A': 3.2775129064572326, 't0': 11062.900000000001, 't1': 11116.499999999998, 'a': 0.1000000000000003, 'b': 0.1000000000813917}","{'xc': 1209.152478239154, 'yc': 439.2712477937571, 'a': 809.327302479732, 'b': nan, 'angle_rad': -1.2170523018581807, 'ecc': 0.0}",3.2775129064572326,0.1000000000000003,0.1000000000813917,11062.900000000001,11116.499999999998,809.327302479732,-1.2170523018581807,,0.0,1209.152478239154,439.2712477937571,True,True
145,1480,1487,8,53.0,152.8052500552402,2.8736830451318047,3.3621205920197665,983.75,8.276472678623424,0.0,"{'A': 3.606009832616525, 't0': 11122.900000000001, 't1': 11176.499999999998, 'a': 0.10000022673941023, 'b': 0.10000000000000012}","{'xc': 1771.2006855229736, 'yc': 628.5483114385511, 'a': 491.3018555713973, 'b': nan, 'angle_rad': -1.2206315712153275, 'ecc': 0.0}",3.606009832616525,0.10000022673941023,0.10000000000000012,11122.900000000001,11176.499999999998,491.3018555713973,-1.2206315712153275,,0.0,1771.2006855229736,628.5483114385511,True,True
146,1488,1498,11,76.0,223.99528764884485,3.0080679729885684,3.539540177933016,965.1818181818181,13.578057164544433,0.0,"{'A': 3.8273699210863557, 't0': 11182.900000000001, 't1': 11259.499999999998, 'a': 0.10000000000000002, 'b': 0.12592953374998025}","{'xc': 3913.901347808344, 'yc': 1418.257893261068, 'a': nan, 'b': 5721.82496992382, 'angle_rad': -1.2458036597884703, 'ecc': 0.0}",3.8273699210863557,0.10000000000000002,0.12592953374998025,11182.900000000001,11259.499999999998,,-1.2458036597884703,5721.82496992382,0.0,3913.901347808344,1418.257893261068,True,True
147,1499,1506,8,53.0,148.19244245237294,2.823486873344114,3.119683686506474,977.25,17.742201506174883,0.0,"{'A': 3.5369502833354476, 't0': 11265.900000000001, 't1': 11319.499999999998, 'a': 0.10000000004769816, 'b': 0.10000000000798505}","{'xc': 1789.7219297936613, 'yc': 606.3179350266652, 'a': 719.9445951884419, 'b': nan, 'angle_rad': -1.2226144155100742, 'ecc': 0.0}",3.5369502833354476,0.10000000004769816,0.10000000000798505,11265.900000000001,11319.499999999998,719.9445951884419,-1.2226144155100742,,0.0,1789.7219297936613,606.3179350266652,True,True
148,1507,1516,10,68.0,190.6984239286963,2.8552182788309866,3.1765866819348836,1004.0,9.297550453987569,0.0,"{'A': 3.635781218339582, 't0': 11325.900000000001, 't1': 11394.499999999998, 'a': 0.10000000000000002, 'b': 0.12097647528380606}","{'xc': 2187.1185906378305, 'yc': 755.8859981439081, 'a': 150.4116624745357, 'b': nan, 'angle_rad': -1.236202159166473, 'ecc': 0.0}",3.635781218339582,0.10000000000000002,0.12097647528380606,11325.900000000001,11394.499999999998,150.4116624745357,-1.236202159166473,,0.0,2187.1185906378305,755.8859981439081,True,True
149,1517,1524,8,53.0,108.7530331633205,2.1309647946085746,2.5278494171404238,1008.0,10.419761445034554,0.0,"{'A': 2.6752833886284986, 't0': 11400.900000000001, 't1': 11454.499999999998, 'a': 0.10000000000000002, 'b': 0.1061773480170043}","{'xc': 1111.2527209749621, 'yc': 204.07476838206517, 'a': 1473.296689151966, 'b': nan, 'angle_rad': -1.206724836218962, 'ecc': 0.0}",2.6752833886284986,0.10000000000000002,0.1061773480170043,11400.900000000001,11454.499999999998,1473.296689151966,-1.206724836218962,,0.0,1111.2527209749621,204.07476838206517,True,True
150,1525,1533,9,60.0,123.4908903522847,2.0487069868718084,2.229466649660796,1049.2222222222222,10.603982480391243,0.0,"{'A': 2.571473824870436, 't0': 11461.900000000001, 't1': 11522.499999999998, 'a': 0.10000000714148266, 'b': 0.10000040804387077}","{'xc': 1979.8430720443314, 'yc': -693.221498667118, 'a': nan, 'b': 1648.8890859492178, 'angle_rad': -1.1232618458828958, 'ecc': 0.0}",2.571473824870436,0.10000000714148266,0.10000040804387077,11461.900000000001,11522.499999999998,,-1.1232618458828958,1648.8890859492178,0.0,1979.8430720443314,-693.221498667118,True,True
151,1534,1545,12,83.0,171.4723819679947,2.0918674293641923,2.3647064796066926,1048.8333333333333,12.312841288917056,0.0,"{'A': 2.5952486201005907, 't0': 11528.900000000001, 't1': 11612.499999999998, 'a': 0.10000000000000002, 'b': 0.10000006596210255}","{'xc': 2334.487496372985, 'yc': 459.9815648980463, 'a': nan, 'b': 2029.4336792058273, 'angle_rad': -1.2816169696704096, 'ecc': 0.0}",2.5952486201005907,0.10000000000000002,0.10000006596210255,11528.900000000001,11612.499999999998,,-1.2816169696704096,2029.4336792058273,0.0,2334.487496372985,459.9815648980463,True,True
152,1546,1553,8,53.0,97.8008179924892,1.8792612157224888,2.060315014550851,1065.25,9.223417401995237,0.0,"{'A': 2.3512586422220614, 't0': 11618.900000000001, 't1': 11672.499999999998, 'a': 0.1000000000123246, 'b': 0.1000008022150434}","{'xc': 4891.043997584508, 'yc': 1824.6223664315576, 'a': nan, 'b': 2115.392510350868, 'angle_rad': -0.3867248653161227, 'ecc': 0.0}",2.3512586422220614,0.1000000000123246,0.1000008022150434,11618.900000000001,11672.499999999998,,-0.3867248653161227,2115.392510350868,0.0,4891.043997584508,1824.6223664315576,True,True
153,1554,1568,15,106.0,200.191297402149,1.9075767212273564,2.1146288867785317,1047.9333333333334,10.977032299088773,0.0,"{'A': 2.355046045899585, 't0': 11678.900000000001, 't1': 11785.499999999998, 'a': 0.10000000000000368, 'b': 0.10000000712350633}","{'xc': 2367.524879143379, 'yc': 245.8218689189972, 'a': nan, 'b': 3683.0999311881637, 'angle_rad': -1.3156759190123117, 'ecc': 0.0}",2.355046045899585,0.10000000000000368,0.10000000712350633,11678.900000000001,11785.499999999998,,-1.3156759190123117,3683.0999311881637,0.0,2367.524879143379,245.8218689189972,True,True
154,1569,1576,8,53.0,103.85566907973777,1.9680034865411715,2.238601766389111,1050.0,18.33030277982336,0.0,"{'A': 2.4669002531446216, 't0': 11791.900000000001, 't1': 11845.499999999998, 'a': 0.10000000000158889, 'b': 0.10000000000000002}","{'xc': 2382.988448956238, 'yc': -199.02893688456138, 'a': nan, 'b': 4632.052900798876, 'angle_rad': -1.2269728111546294, 'ecc': 0.0}",2.4669002531446216,0.10000000000158889,0.10000000000000002,11791.900000000001,11845.499999999998,,-1.2269728111546294,4632.052900798876,0.0,2382.988448956238,-199.02893688456138,True,True
155,1577,1584,8,53.0,111.25196627475849,2.1386455345690565,2.343031352408104,1065.0,11.006491591004698,0.0,"{'A': 2.6777369601925907, 't0': 11851.900000000001, 't1': 11905.499999999998, 'a': 0.10000000000001877, 'b': 0.10000017898474234}","{'xc': 2570.8009938616674, 'yc': 45.674950669644204, 'a': nan, 'b': 5432.583868953438, 'angle_rad': -1.3029387837256898, 'ecc': 0.0}",2.6777369601925907,0.10000000000001877,0.10000017898474234,11851.900000000001,11905.499999999998,,-1.3029387837256898,5432.583868953438,0.0,2570.8009938616674,45.674950669644204,True,True
156,1585,1597,13,91.0,212.6010870673581,2.343122743832054,2.6051579745886118,1031.923076923077,15.397302461045669,0.0,"{'A': 2.9052893831975313, 't0': 11911.900000000001, 't1': 12003.499999999998, 'a': 0.10000000033139365, 'b': 0.10000000005997438}","{'xc': 5307.598313346656, 'yc': 1558.1443486950038, 'a': nan, 'b': 9066.913633058613, 'angle_rad': 0.7761494928914329, 'ecc': 0.0}",2.9052893831975313,0.10000000033139365,0.10000000005997438,11911.900000000001,12003.499999999998,,0.7761494928914329,9066.913633058613,0.0,5307.598313346656,1558.1443486950038,True,True
157,1598,1605,8,53.0,126.41246422371152,2.410640044883905,2.6414625234969136,997.5,21.82397109340356,0.0,"{'A': 3.0255399822898426, 't0': 12009.900000000001, 't1': 12063.499999999998, 'a': 0.10000000460021005, 'b': 0.1000012372304776}","{'xc': 2279.816139315536, 'yc': 8.420430939445149, 'a': nan, 'b': 8275.936635454464, 'angle_rad': -1.4147524671849576, 'ecc': 0.0}",3.0255399822898426,0.10000000460021005,0.1000012372304776,12009.900000000001,12063.499999999998,,-1.4147524671849576,8275.936635454464,0.0,2279.816139315536,8.420430939445149,True,True
158,1606,1615,10,68.0,162.1391720439916,2.41582785581103,2.727619712689457,998.8,11.013123484683575,0.0,"{'A': 3.00810119322013, 't0': 12069.900000000001, 't1': 12138.499999999998, 'a': 0.10000000000000002, 'b': 0.10000000017154821}","{'xc': -13807.605517829385, 'yc': -2082.6766905904788, 'a': nan, 'b': 42219.8640912388, 'angle_rad': -1.4476566912067899, 'ecc': 0.0}",3.00810119322013,0.10000000000000002,0.10000000017154821,12069.900000000001,12138.499999999998,,-1.4476566912067899,42219.8640912388,0.0,-13807.605517829385,-2082.6766905904788,True,True
159,1616,1626,11,76.0,168.34488409215172,2.2515478847379637,2.4857872640263166,960.8181818181819,15.810238339874463,0.0,"{'A': 2.790262422521092, 't0': 12144.900000000001, 't1': 12221.499999999998, 'a': 0.1000000000000007, 'b': 0.10000000107527751}","{'xc': 2429.3422823999554, 'yc': 91.56110454992717, 'a': nan, 'b': 18752.160003175934, 'angle_rad': -1.4911566418316609, 'ecc': 0.0}",2.790262422521092,0.1000000000000007,0.10000000107527751,12144.900000000001,12221.499999999998,,-1.4911566418316609,18752.160003175934,0.0,2429.3422823999554,91.56110454992717,True,True
160,1627,1636,10,68.0,140.66548182755346,2.105401798855521,2.3507609613709546,956.2,8.443274772793366,0.0,"{'A': 2.613387653530697, 't0': 12227.900000000001, 't1': 12296.499999999998, 'a': 0.10000000000000007, 'b': 0.10000000035510671}","{'xc': 2313.4375593362447, 'yc': 31.386238213531865, 'a': nan, 'b': 36354.34975280692, 'angle_rad': -1.5250998518599554, 'ecc': 0.0}",2.613387653530697,0.10000000000000007,0.10000000035510671,12227.900000000001,12296.499999999998,,-1.5250998518599554,36354.34975280692,0.0,2313.4375593362447,31.386238213531865,True,True
161,1637,1646,10,68.0,142.356750610726,2.1192724630585302,2.3338191913986357,1009.2,29.626564656290025,0.0,"{'A': 2.639773625454423, 't0': 12302.900000000001, 't1': 12371.499999999998, 'a': 0.10000000000017283, 'b': 0.10000016999216023}","{'xc': 2469.970700649899, 'yc': 75.4631047358421, 'a': nan, 'b': 46794.949489220926, 'angle_rad': -1.5398164387595372, 'ecc': 0.0}",2.639773625454423,0.10000000000017283,0.10000016999216023,12302.900000000001,12371.499999999998,,-1.5398164387595372,46794.949489220926,0.0,2469.970700649899,75.4631047358421,True,True
162,1647,1655,9,61.0,124.8296617172555,2.0727076176117305,2.2627817848603202,1038.5555555555557,22.666666666666668,0.0,"{'A': 2.588190141356894, 't0': 12377.900000000001, 't1': 12439.499999999998, 'a': 0.10000000000013252, 'b': 0.10000002209174212}","{'xc': 5310.80611163847, 'yc': 76568.58270766056, 'a': 48920.63459379435, 'b': nan, 'angle_rad': 0.5649063092791207, 'ecc': 0.0}",2.588190141356894,0.10000000000013252,0.10000002209174212,12377.900000000001,12439.499999999998,48920.63459379435,0.5649063092791207,,0.0,5310.80611163847,76568.58270766056,True,True
163,1656,1667,12,83.0,180.35674524551507,2.187142616813106,2.502606351137299,1022.3333333333334,22.95186002893619,0.0,"{'A': 2.719636320397217, 't0': 12445.900000000001, 't1': 12529.499999999998, 'a': 0.10000000001072842, 'b': 0.10000017945384586}","{'xc': 5453.982824384716, 'yc': -384.43347434174, 'a': nan, 'b': 825.089477218372, 'angle_rad': -0.896655652145599, 'ecc': 0.0}",2.719636320397217,0.10000000001072842,0.10000017945384586,12445.900000000001,12529.499999999998,,-0.896655652145599,825.089477218372,0.0,5453.982824384716,-384.43347434174,True,True
164,1668,1675,8,53.0,100.08940447864049,1.9293096603480822,2.1391502328777263,1033.5,19.878200550926564,0.0,"{'A': 2.4125928383989397, 't0': 12535.900000000001, 't1': 12589.499999999998, 'a': 0.10000000000000009, 'b': 0.1000000003513352}","{'xc': 5395.188255752591, 'yc': -450.4905333779261, 'a': nan, 'b': 1858.5611813326016, 'angle_rad': 0.6155154374569588, 'ecc': 0.0}",2.4125928383989397,0.10000000000000009,0.1000000003513352,12535.900000000001,12589.499999999998,,0.6155154374569588,1858.5611813326016,0.0,5395.188255752591,-450.4905333779261,True,True
165,1676,1684,9,61.0,118.22859214251015,1.9615085713952436,2.1486693662244574,1051.2222222222222,31.216092715848415,0.0,"{'A': 2.447049001464293, 't0': 12595.900000000001, 't1': 12657.499999999998, 'a': 0.10000000000577108, 'b': 0.10000000001605662}",,2.447049001464293,0.10000000000577108,0.10000000001605662,12595.900000000001,12657.499999999998,,,,,,,False,True
166,1685,1692,8,53.0,112.72877972273875,2.139813179706322,2.4041724878789283,1031.25,8.713700214522612,0.0,"{'A': 2.680470152760163, 't0': 12663.900000000001, 't1': 12717.499999999998, 'a': 0.10000000087162278, 'b': 0.10000000000067151}","{'xc': 5379.33157672235, 'yc': -425.051276154597, 'a': nan, 'b': 1974.9942863927997, 'angle_rad': 0.6984783142978845, 'ecc': 0.0}",2.680470152760163,0.10000000087162278,0.10000000000067151,12663.900000000001,12717.499999999998,,0.6984783142978845,1974.9942863927997,0.0,5379.33157672235,-425.051276154597,True,True
167,1693,1700,8,53.0,115.25093395620597,2.218156606949659,2.451340509758821,1061.75,16.799234676445405,0.0,"{'A': 2.7751341722390728, 't0': 12723.900000000001, 't1': 12777.499999999998, 'a': 0.1000000000000057, 'b': 0.10000005836426037}","{'xc': 2612.801367446944, 'yc': -210.62305983658396, 'a': nan, 'b': 9893.558189146446, 'angle_rad': 1.370807015346579, 'ecc': 0.0}",2.7751341722390728,0.1000000000000057,0.10000005836426037,12723.900000000001,12777.499999999998,,1.370807015346579,9893.558189146446,0.0,2612.801367446944,-210.62305983658396,True,True
168,1701,1708,8,53.0,121.74883070394462,2.315546871006795,2.4998866187441124,1038.5,16.792855623746664,0.0,"{'A': 2.9054223615245545, 't0': 12783.900000000001, 't1': 12837.499999999998, 'a': 0.10000000000040092, 'b': 0.10000000000577218}","{'xc': 2422.1185744836957, 'yc': -35.109099340397066, 'a': nan, 'b': 4091.2615837973317, 'angle_rad': 1.2888910530270132, 'ecc': 0.0}",2.9054223615245545,0.10000000000040092,0.10000000000577218,12783.900000000001,12837.499999999998,,1.2888910530270132,4091.2615837973317,0.0,2422.1185744836957,-35.109099340397066,True,True
169,1709,1717,9,61.0,149.7423713508568,2.4785762080230835,2.695423180587601,1073.0,21.2602916254693,0.0,"{'A': 3.0963774903699703, 't0': 12843.900000000001, 't1': 12905.499999999998, 'a': 0.1000000000000715, 'b': 0.10000000000533164}","{'xc': 2155.052769508814, 'yc': 293.87945184084367, 'a': nan, 'b': 2126.3219299459697, 'angle_rad': 1.209090733766232, 'ecc': 0.0}",3.0963774903699703,0.1000000000000715,0.10000000000533164,12843.900000000001,12905.499999999998,,1.209090733766232,2126.3219299459697,0.0,2155.052769508814,293.87945184084367,True,True
170,1718,1727,10,68.0,172.25304383699907,2.5666176662786135,2.8046770138337633,1066.8,13.281566172707192,0.0,"{'A': 3.1982273231028944, 't0': 12911.900000000001, 't1': 12980.499999999998, 'a': 0.10000000000014274, 'b': 0.10000026723392967}","{'xc': 2141.3769256798105, 'yc': 92.32033937850424, 'a': nan, 'b': 3973.8282683578364, 'angle_rad': 1.3156711855286403, 'ecc': 0.0}",3.1982273231028944,0.10000000000014274,0.10000026723392967,12911.900000000001,12980.499999999998,,1.3156711855286403,3973.8282683578364,0.0,2141.3769256798105,92.32033937850424,True,True
171,1728,1735,8,53.0,101.23295466947121,1.989533132685222,2.4857872640263152,1078.25,19.9409843574197,0.0,"{'A': 2.5981111921137106, 't0': 12986.900000000001, 't1': 13040.499999999998, 'a': 0.10000000000000002, 'b': 0.1447225644468226}","{'xc': 2387.6792922585705, 'yc': 270.7925045028908, 'a': nan, 'b': 3183.167393792766, 'angle_rad': 1.2213741400037037, 'ecc': 0.0}",2.5981111921137106,0.10000000000000002,0.1447225644468226,12986.900000000001,13040.499999999998,,1.2213741400037037,3183.167393792766,0.0,2387.6792922585705,270.7925045028908,True,True
172,1736,1743,8,53.0,57.998084259549,1.1729204868551588,1.683587574253652,1068.75,16.67975676424227,0.0,"{'A': 1.7675029954236456, 't0': 13046.900000000001, 't1': 13100.499999999998, 'a': 0.10000000000000002, 'b': 0.3144749906519402}","{'xc': 2323.8924096041715, 'yc': -461.9461111485669, 'a': 337.6463501938697, 'b': nan, 'angle_rad': 1.2974476075848105, 'ecc': 0.0}",1.7675029954236456,0.10000000000000002,0.3144749906519402,13046.900000000001,13100.499999999998,337.6463501938697,1.2974476075848105,,0.0,2323.8924096041715,-461.9461111485669,True,True
173,1744,1752,9,60.0,57.88302380184089,0.9561231900927307,1.051939144494109,935.8888888888889,58.276162460401515,0.0,"{'A': 1.2053214508245484, 't0': 13107.900000000001, 't1': 13168.499999999998, 'a': 0.10000000000001151, 'b': 0.10000000065126598}","{'xc': 4874.281062374176, 'yc': -1276.5027542573696, 'a': nan, 'b': 895.9729521748852, 'angle_rad': 0.06443325564545069, 'ecc': 0.0}",1.2053214508245484,0.10000000000001151,0.10000000065126598,13107.900000000001,13168.499999999998,,0.06443325564545069,895.9729521748852,0.0,4874.281062374176,-1276.5027542573696,True,True
174,1753,1760,8,53.0,25.564732651752323,0.5465757804834738,0.9245946589974601,841.25,24.9899979991996,0.0,"{'A': 1.1209578621572804, 't0': 13174.900000000001, 't1': 13228.499999999998, 'a': 0.10000000000000002, 'b': 0.8386631566013344}","{'xc': 4827.292993240007, 'yc': -1324.3676454444403, 'a': nan, 'b': 1511.4941281566214, 'angle_rad': 0.17680771344770368, 'ecc': 0.0}",1.1209578621572804,0.10000000000000002,0.8386631566013344,13174.900000000001,13228.499999999998,,0.17680771344770368,1511.4941281566214,0.0,4827.292993240007,-1324.3676454444403,True,True
175,1761,1771,11,75.0,32.80413253099568,0.44869615215278724,0.6208764195431401,694.1818181818181,137.25656135997156,0.0,"{'A': 0.7209911202505945, 't0': 13234.900000000001, 't1': 13310.435743296697, 'a': 0.12528211691384317, 'b': 0.30968954594558357}","{'xc': -1114.8923948450918, 'yc': 584.7306537425827, 'a': 2580.390683978157, 'b': nan, 'angle_rad': 1.2565498215053115, 'ecc': 0.0}",0.7209911202505945,0.12528211691384317,0.30968954594558357,13234.900000000001,13310.435743296697,2580.390683978157,1.2565498215053115,,0.0,-1114.8923948450918,584.7306537425827,True,True
